{"stat.chestOpened":2,"stat.cakeSlicesEaten":7,"stat.walkOneCm":94374,"stat.useItem.minecraft.torch":2,"stat.craftItem.minecraft.planks":40,"stat.craftItem.minecraft.stone_axe":1,"stat.pickup.minecraft.crafting_table":1,"stat.damageTaken":150,"stat.useItem.minecraft.iron_ore":1,"stat.furnaceInteraction":9,"stat.craftItem.minecraft.stone_pickaxe":1,"stat.mineBlock.minecraft.torch":1,"stat.useItem.minecraft.wooden_pickaxe":14,"stat.killEntity.betteranimalsplus.zotzpyre":1,"stat.pickup.minecraft.cobblestone":26,"stat.mineBlock.minecraft.coal_ore":25,"stat.mobKills":1,"stat.pickup.minecraft.leather_leggings":1,"stat.mineBlock.minecraft.log":4,"stat.pickup.minecraft.planks":31,"stat.pickup.minecraft.log":10,"stat.craftItem.minecraft.stone_sword":1,"stat.flyOneCm":2208,"stat.jump":205,"stat.playOneMinute":19293,"stat.pickup.minecraft.coal":24,"stat.fallOneCm":1780,"stat.craftItem.minecraft.shield":1,"stat.pickup.minecraft.torch":1,"stat.useItem.minecraft.stone_pickaxe":34,"stat.useItem.minecraft.stone_sword":14,"stat.damageDealt":223,"stat.mineBlock.minecraft.iron_ore":4,"stat.sleepInBed":2,"stat.timeSinceDeath":19293,"stat.craftItem.minecraft.torch":12,"stat.craftItem.minecraft.iron_ingot":2,"stat.pickup.minecraft.sapling":12,"stat.pickup.minecraft.dirt":9,"stat.sprintOneCm":6819,"stat.craftItem.minecraft.wooden_pickaxe":1,"stat.mineBlock.minecraft.stone":16,"stat.craftItem.minecraft.stick":12,"stat.craftingTableInteraction":11,"stat.pickup.minecraft.iron_ore":6}