{"stat.craftItem.betteranimalsplus.venisoncooked":2,"stat.useItem.minecraft.bow":6,"stat.pickup.betteranimalsplus.antler":4,"stat.leaveGame":11,"stat.killEntity.betteranimalsplus.goat":2,"stat.useItem.betteranimalsplus.venisoncooked":2,"stat.craftItem.minecraft.iron_axe":1,"stat.useItem.minecraft.mutton":19,"stat.craftItem.minecraft.shield":1,"stat.useItem.minecraft.planks":13,"stat.mineBlock.minecraft.web":5,"stat.pickup.minecraft.porkchop":2,"stat.useItem.minecraft.water_bucket":1,"stat.mineBlock.minecraft.stone_brick_stairs":11,"stat.pickup.minecraft.rotten_flesh":13,"stat.pickup.minecraft.sand":43,"stat.entityKilledBy.Spider":1,"stat.craftItem.minecraft.stone_axe":2,"stat.useItem.minecraft.birch_boat":1,"stat.pickup.minecraft.bucket":1,"stat.pickup.byg.iris":3,"stat.craftItem.minecraft.stone_sword":1,"stat.mineBlock.minecraft.emerald_block":13,"stat.pickup.minecraft.chainmail_chestplate":1,"stat.mineBlock.minecraft.sand":17,"stat.hopperInspected":7,"stat.useItem.minecraft.iron_pickaxe":143,"stat.craftItem.minecraft.wooden_pickaxe":1,"stat.useItem.minecraft.iron_shovel":43,"stat.craftItem.minecraft.bed":1,"stat.furnaceInteraction":22,"stat.craftItem.byg.hollyplanks":48,"stat.pickup.minecraft.furnace":1,"stat.useItem.minecraft.cooked_mutton":6,"stat.pickup.minecraft.leather_helmet":2,"stat.pickup.minecraft.skull":3,"stat.pickup.minecraft.potion":1,"stat.useItem.minecraft.flint_and_steel":24,"stat.killEntity.betteranimalsplus.zotzpyre":1,"stat.deaths":12,"stat.playOneMinute":238145,"stat.craftItem.minecraft.iron_pickaxe":1,"stat.pickup.minecraft.iron_bars":23,"stat.mineBlock.minecraft.tallgrass":28,"stat.craftItem.minecraft.cooked_mutton":6,"stat.pickup.minecraft.cooked_mutton":2,"stat.chestOpened":87,"stat.pickup.minecraft.iron_sword":7,"stat.pickup.minecraft.arrow":16,"stat.pickup.betteranimalsplus.venisonraw":4,"stat.pickup.minecraft.brick_stairs":4,"stat.drop.minecraft.iron_pickaxe":1,"stat.pickup.minecraft.cooked_chicken":1,"stat.fallOneCm":35325,"stat.crouchOneCm":9,"stat.mineBlock.byg.hollyplanks":3,"stat.craftItem.minecraft.iron_ingot":16,"stat.craftingTableInteraction":43,"stat.pickup.minecraft.birch_boat":1,"stat.pickup.minecraft.planks":45,"stat.pickup.minecraft.wheat_seeds":6,"stat.mineBlock.minecraft.gravel":20,"stat.useItem.minecraft.stone_pickaxe":258,"stat.useItem.minecraft.stone_sword":82,"stat.mineBlock.minecraft.dirt":45,"stat.useItem.minecraft.torch":153,"stat.useItem.minecraft.bread":3,"stat.pickup.minecraft.crafting_table":7,"stat.useItem.minecraft.log":2,"stat.useItem.minecraft.cobblestone":52,"stat.craftItem.minecraft.crafting_table":7,"stat.useItem.minecraft.gravel":2,"stat.mineBlock.minecraft.double_plant":1,"stat.craftItem.minecraft.boat":1,"stat.pickup.byg.hollylog":12,"stat.pickup.minecraft.log":54,"stat.useItem.minecraft.cooked_fish":8,"stat.pickup.minecraft.iron_pickaxe":3,"stat.pickup.minecraft.sapling":64,"stat.pickup.minecraft.apple":8,"stat.useItem.minecraft.fireworks":109,"stat.craftItem.minecraft.bucket":2,"stat.craftItem.minecraft.planks":204,"stat.useItem.minecraft.iron_sword":452,"stat.killEntity.WitherSkeleton":1,"stat.pickup.minecraft.stone_sword":5,"stat.useItem.minecraft.stonebrick":5,"stat.mineBlock.minecraft.log":45,"stat.sneakTime":28,"stat.pickup.minecraft.wool":19,"stat.pickup.minecraft.cooked_fish":17,"stat.pickup.byg.hollyplanks":4,"stat.pickup.minecraft.chest":1,"stat.cakeSlicesEaten":21,"stat.pickup.minecraft.bone":9,"stat.useItem.minecraft.iron_axe":90,"stat.mineBlock.minecraft.cobblestone":13,"stat.pickup.minecraft.stone_pickaxe":2,"stat.pickup.minecraft.flint":2,"stat.mineBlock.minecraft.yellow_flower":1,"stat.pickup.minecraft.leather_chestplate":6,"stat.swimOneCm":35882,"stat.pickup.minecraft.enchanted_book":1,"stat.climbOneCm":1355,"stat.useItem.minecraft.dirt":24,"stat.useItem.minecraft.stone_slab2":48,"stat.pickup.minecraft.bow":4,"stat.pickup.forge.bucketfilled":1,"stat.craftItem.minecraft.furnace":1,"stat.craftItem.minecraft.spruce_boat":6,"stat.pickup.minecraft.anvil":1,"stat.useItem.minecraft.iron_ore":1,"stat.craftItem.minecraft.stone_pickaxe":3,"stat.pickup.minecraft.cobblestone":235,"stat.flyOneCm":35404,"stat.killEntity.betteranimalsplus.deer":2,"stat.mineBlock.minecraft.iron_ore":18,"stat.timeSinceDeath":9907,"stat.pickup.minecraft.mutton":39,"stat.pickup.minecraft.mossy_cobblestone":1,"stat.killEntity.Bat":1,"stat.useItem.minecraft.potato":2,"stat.pickup.minecraft.chainmail_helmet":2,"stat.pickup.minecraft.stonebrick":48,"stat.pickup.minecraft.iron_shovel":1,"stat.useItem.minecraft.cooked_porkchop":1,"stat.mineBlock.minecraft.coal_ore":98,"stat.pickup.minecraft.shield":10,"stat.pickup.minecraft.wooden_sword":1,"stat.pickup.minecraft.string":36,"stat.entityKilledBy.Skeleton":2,"stat.sprintOneCm":230232,"stat.killEntity.betteranimalsplus.pheasant":1,"stat.craftItem.minecraft.stick":56,"stat.pickup.minecraft.fireworks":25,"stat.mineBlock.minecraft.crafting_table":4,"stat.mineBlock.minecraft.quartz_block":16,"stat.pickup.minecraft.leather_leggings":9,"stat.useItem.betteranimalsplus.venisonraw":2,"stat.mineBlock.minecraft.planks":3,"stat.drop":1,"stat.killEntity.Sheep":15,"stat.killEntity.Zombie":14,"stat.diveOneCm":40758,"stat.pickup.minecraft.gravel":21,"stat.craftItem.minecraft.cooked_porkchop":2,"stat.mineBlock.minecraft.anvil":1,"stat.pickup.minecraft.stone_axe":5,"stat.useItem.minecraft.apple":3,"stat.useItem.minecraft.rotten_flesh":17,"stat.pickup.minecraft.stone_brick_stairs":6,"stat.jump":2242,"stat.useItem.minecraft.sand":13,"stat.pickup.minecraft.coal":199,"stat.pickup.minecraft.iron_ingot":13,"stat.craftItem.minecraft.birch_boat":1,"stat.useItem.minecraft.stone_axe":99,"stat.entityKilledBy.CaveSpider":2,"stat.pickup.minecraft.spider_eye":4,"stat.craftItem.minecraft.torch":164,"stat.pickup.minecraft.dirt":81,"stat.pickup.minecraft.iron_ore":20,"stat.pickup.minecraft.stone_shovel":1,"stat.boatOneCm":946942,"stat.mineBlock.minecraft.iron_bars":22,"stat.craftItem.minecraft.flint_and_steel":1,"stat.pickup.minecraft.iron_axe":3,"stat.brewingstandInteraction":1,"stat.damageTaken":5636,"stat.pickup.minecraft.leather":21,"stat.mineBlock.minecraft.torch":26,"stat.mineBlock.minecraft.furnace":1,"stat.useItem.minecraft.wooden_pickaxe":14,"stat.dispenserInspected":12,"stat.entityKilledBy.ZombieVillager":1,"stat.pickup.minecraft.bed":8,"stat.pickup.minecraft.quartz_block":4,"stat.pickup.minecraft.potato":2,"stat.useItem.forge.bucketfilled":3,"stat.pickup.minecraft.emerald_block":39,"stat.entityKilledBy.Zombie":5,"stat.mineBlock.byg.hollylog":13,"stat.damageDealt":8352,"stat.sleepInBed":3,"stat.killEntity.Pig":1,"stat.walkOneCm":1218182,"stat.pickup.minecraft.stick":42,"stat.useItem.minecraft.emerald_block":6,"stat.useItem.minecraft.spruce_boat":9,"stat.pickup.minecraft.stone":10,"stat.mineBlock.minecraft.wool":2,"stat.pickup.betteranimalsplus.pheasantraw":3,"stat.killEntity.Skeleton":9,"stat.useItem.byg.hollyplanks":47,"stat.mineBlock.minecraft.stonebrick":47,"stat.killEntity.Spider":8,"stat.pickup.minecraft.bread":2,"stat.mobKills":55,"stat.mineBlock.minecraft.bookshelf":2,"stat.useItem.minecraft.boat":1,"stat.mineBlock.minecraft.leaves":4,"stat.pickup.minecraft.torch":131,"stat.pickup.minecraft.spruce_boat":3,"stat.mineBlock.minecraft.stone":139}