{"stat.cakeSlicesEaten":14,"stat.pickup.betteranimalsplus.antler":2,"stat.leaveGame":5,"stat.pickup.minecraft.stone_pickaxe":1,"stat.mineBlock.minecraft.yellow_flower":1,"stat.pickup.minecraft.leather_chestplate":3,"stat.swimOneCm":1449,"stat.craftItem.minecraft.shield":1,"stat.pickup.minecraft.porkchop":2,"stat.useItem.minecraft.dirt":7,"stat.useItem.minecraft.stone_slab2":12,"stat.pickup.minecraft.rotten_flesh":6,"stat.pickup.minecraft.sand":1,"stat.craftItem.minecraft.stone_axe":1,"stat.pickup.minecraft.anvil":1,"stat.useItem.minecraft.iron_ore":1,"stat.craftItem.minecraft.stone_pickaxe":1,"stat.pickup.minecraft.cobblestone":53,"stat.craftItem.minecraft.stone_sword":1,"stat.flyOneCm":9391,"stat.pickup.minecraft.chainmail_chestplate":1,"stat.mineBlock.minecraft.sand":1,"stat.killEntity.betteranimalsplus.deer":1,"stat.mineBlock.minecraft.iron_ore":4,"stat.timeSinceDeath":26361,"stat.hopperInspected":3,"stat.craftItem.minecraft.wooden_pickaxe":1,"stat.pickup.minecraft.mutton":4,"stat.useItem.minecraft.iron_shovel":21,"stat.killEntity.Bat":1,"stat.useItem.minecraft.potato":1,"stat.pickup.minecraft.stonebrick":2,"stat.furnaceInteraction":9,"stat.pickup.minecraft.iron_shovel":1,"stat.mineBlock.minecraft.coal_ore":25,"stat.pickup.minecraft.shield":7,"stat.pickup.minecraft.wooden_sword":1,"stat.pickup.minecraft.string":30,"stat.pickup.minecraft.leather_helmet":1,"stat.sprintOneCm":52288,"stat.killEntity.betteranimalsplus.pheasant":1,"stat.craftItem.minecraft.stick":12,"stat.mineBlock.minecraft.crafting_table":1,"stat.killEntity.betteranimalsplus.zotzpyre":1,"stat.pickup.minecraft.leather_leggings":8,"stat.deaths":4,"stat.playOneMinute":59403,"stat.killEntity.Sheep":3,"stat.killEntity.Zombie":10,"stat.pickup.minecraft.iron_bars":7,"stat.mineBlock.minecraft.tallgrass":6,"stat.diveOneCm":5020,"stat.chestOpened":24,"stat.pickup.minecraft.gravel":1,"stat.pickup.minecraft.iron_sword":1,"stat.pickup.minecraft.arrow":5,"stat.mineBlock.minecraft.anvil":1,"stat.pickup.minecraft.stone_axe":5,"stat.useItem.minecraft.apple":3,"stat.pickup.betteranimalsplus.venisonraw":2,"stat.pickup.minecraft.brick_stairs":4,"stat.useItem.minecraft.rotten_flesh":6,"stat.pickup.minecraft.stone_brick_stairs":3,"stat.jump":603,"stat.pickup.minecraft.coal":24,"stat.fallOneCm":9938,"stat.pickup.minecraft.iron_ingot":4,"stat.useItem.minecraft.stone_axe":81,"stat.pickup.minecraft.spider_eye":2,"stat.craftItem.minecraft.iron_ingot":2,"stat.craftItem.minecraft.torch":12,"stat.pickup.minecraft.dirt":58,"stat.craftingTableInteraction":14,"stat.pickup.minecraft.iron_ore":6,"stat.pickup.minecraft.stone_shovel":1,"stat.mineBlock.minecraft.iron_bars":4,"stat.damageTaken":1778,"stat.mineBlock.minecraft.torch":6,"stat.useItem.minecraft.wooden_pickaxe":14,"stat.pickup.minecraft.planks":31,"stat.pickup.minecraft.wheat_seeds":2,"stat.pickup.minecraft.potato":1,"stat.entityKilledBy.Zombie":4,"stat.useItem.minecraft.stone_pickaxe":41,"stat.useItem.minecraft.stone_sword":82,"stat.damageDealt":3912,"stat.sleepInBed":2,"stat.mineBlock.minecraft.dirt":21,"stat.killEntity.Pig":1,"stat.walkOneCm":366760,"stat.useItem.minecraft.torch":15,"stat.useItem.minecraft.bread":1,"stat.pickup.minecraft.stick":24,"stat.pickup.minecraft.crafting_table":4,"stat.useItem.minecraft.cobblestone":5,"stat.craftItem.minecraft.crafting_table":1,"stat.pickup.minecraft.log":13,"stat.useItem.minecraft.cooked_fish":4,"stat.mineBlock.minecraft.wool":1,"stat.pickup.betteranimalsplus.pheasantraw":3,"stat.pickup.minecraft.sapling":60,"stat.pickup.minecraft.apple":8,"stat.killEntity.Skeleton":4,"stat.craftItem.minecraft.planks":52,"stat.useItem.minecraft.iron_sword":111,"stat.killEntity.Spider":6,"stat.pickup.minecraft.stone_sword":3,"stat.mobKills":28,"stat.mineBlock.minecraft.log":7,"stat.pickup.minecraft.torch":46,"stat.pickup.minecraft.wool":4,"stat.pickup.minecraft.cooked_fish":16,"stat.mineBlock.minecraft.stone":16}