{"stat.cakeSlicesEaten":16,"stat.craftItem.betteranimalsplus.venisoncooked":2,"stat.useItem.minecraft.bow":2,"stat.pickup.betteranimalsplus.antler":4,"stat.useItem.minecraft.iron_axe":2,"stat.leaveGame":8,"stat.pickup.minecraft.stone_pickaxe":1,"stat.killEntity.betteranimalsplus.goat":2,"stat.mineBlock.minecraft.yellow_flower":1,"stat.useItem.betteranimalsplus.venisoncooked":2,"stat.craftItem.minecraft.iron_axe":1,"stat.pickup.minecraft.leather_chestplate":3,"stat.useItem.minecraft.mutton":4,"stat.swimOneCm":15042,"stat.craftItem.minecraft.shield":1,"stat.pickup.minecraft.porkchop":2,"stat.useItem.minecraft.dirt":24,"stat.useItem.minecraft.stone_slab2":28,"stat.pickup.minecraft.bow":1,"stat.useItem.minecraft.water_bucket":1,"stat.pickup.minecraft.rotten_flesh":11,"stat.pickup.minecraft.sand":1,"stat.craftItem.minecraft.furnace":1,"stat.craftItem.minecraft.stone_axe":2,"stat.pickup.minecraft.anvil":1,"stat.useItem.minecraft.iron_ore":1,"stat.useItem.minecraft.birch_boat":1,"stat.craftItem.minecraft.stone_pickaxe":1,"stat.pickup.minecraft.cobblestone":73,"stat.pickup.byg.iris":3,"stat.craftItem.minecraft.stone_sword":1,"stat.flyOneCm":19649,"stat.pickup.minecraft.chainmail_chestplate":1,"stat.mineBlock.minecraft.sand":1,"stat.killEntity.betteranimalsplus.deer":2,"stat.mineBlock.minecraft.iron_ore":18,"stat.timeSinceDeath":85723,"stat.hopperInspected":7,"stat.useItem.minecraft.iron_pickaxe":31,"stat.craftItem.minecraft.wooden_pickaxe":1,"stat.pickup.minecraft.mutton":25,"stat.useItem.minecraft.iron_shovel":43,"stat.killEntity.Bat":1,"stat.craftItem.minecraft.bed":1,"stat.useItem.minecraft.potato":1,"stat.pickup.minecraft.stonebrick":2,"stat.furnaceInteraction":19,"stat.pickup.minecraft.iron_shovel":1,"stat.useItem.minecraft.cooked_porkchop":1,"stat.mineBlock.minecraft.coal_ore":98,"stat.pickup.minecraft.shield":7,"stat.pickup.minecraft.wooden_sword":1,"stat.pickup.minecraft.string":32,"stat.craftItem.byg.hollyplanks":48,"stat.pickup.minecraft.furnace":1,"stat.useItem.minecraft.cooked_mutton":6,"stat.pickup.minecraft.leather_helmet":1,"stat.sprintOneCm":104788,"stat.killEntity.betteranimalsplus.pheasant":1,"stat.craftItem.minecraft.stick":52,"stat.pickup.minecraft.fireworks":25,"stat.mineBlock.minecraft.crafting_table":4,"stat.killEntity.betteranimalsplus.zotzpyre":1,"stat.pickup.minecraft.leather_leggings":8,"stat.useItem.betteranimalsplus.venisonraw":2,"stat.deaths":4,"stat.drop":1,"stat.playOneMinute":118765,"stat.killEntity.Sheep":15,"stat.craftItem.minecraft.iron_pickaxe":1,"stat.killEntity.Zombie":13,"stat.pickup.minecraft.iron_bars":13,"stat.mineBlock.minecraft.tallgrass":27,"stat.craftItem.minecraft.cooked_mutton":6,"stat.diveOneCm":13346,"stat.chestOpened":47,"stat.pickup.minecraft.gravel":1,"stat.pickup.minecraft.iron_sword":1,"stat.pickup.minecraft.arrow":8,"stat.craftItem.minecraft.cooked_porkchop":2,"stat.mineBlock.minecraft.anvil":1,"stat.pickup.minecraft.stone_axe":5,"stat.useItem.minecraft.apple":3,"stat.pickup.betteranimalsplus.venisonraw":4,"stat.pickup.minecraft.brick_stairs":4,"stat.useItem.minecraft.rotten_flesh":15,"stat.drop.minecraft.iron_pickaxe":1,"stat.pickup.minecraft.stone_brick_stairs":3,"stat.jump":1257,"stat.pickup.minecraft.coal":97,"stat.fallOneCm":16933,"stat.pickup.minecraft.iron_ingot":4,"stat.craftItem.minecraft.birch_boat":1,"stat.useItem.minecraft.stone_axe":99,"stat.mineBlock.byg.hollyplanks":2,"stat.pickup.minecraft.spider_eye":3,"stat.craftItem.minecraft.iron_ingot":16,"stat.craftItem.minecraft.torch":148,"stat.pickup.minecraft.dirt":79,"stat.craftingTableInteraction":27,"stat.pickup.minecraft.iron_ore":20,"stat.pickup.minecraft.stone_shovel":1,"stat.boatOneCm":155023,"stat.mineBlock.minecraft.iron_bars":12,"stat.damageTaken":3018,"stat.pickup.minecraft.leather":3,"stat.mineBlock.minecraft.torch":23,"stat.mineBlock.minecraft.furnace":1,"stat.useItem.minecraft.wooden_pickaxe":14,"stat.dispenserInspected":8,"stat.pickup.minecraft.birch_boat":1,"stat.pickup.minecraft.planks":31,"stat.pickup.minecraft.wheat_seeds":6,"stat.pickup.minecraft.potato":1,"stat.useItem.forge.bucketfilled":1,"stat.entityKilledBy.Zombie":4,"stat.useItem.minecraft.stone_pickaxe":132,"stat.mineBlock.byg.hollylog":13,"stat.useItem.minecraft.stone_sword":82,"stat.damageDealt":7154,"stat.sleepInBed":2,"stat.mineBlock.minecraft.dirt":41,"stat.killEntity.Pig":1,"stat.walkOneCm":682833,"stat.useItem.minecraft.torch":82,"stat.useItem.minecraft.bread":1,"stat.pickup.minecraft.stick":30,"stat.pickup.minecraft.crafting_table":7,"stat.useItem.minecraft.log":2,"stat.useItem.minecraft.cobblestone":5,"stat.craftItem.minecraft.crafting_table":3,"stat.pickup.byg.hollylog":12,"stat.pickup.minecraft.log":27,"stat.useItem.minecraft.cooked_fish":7,"stat.pickup.minecraft.iron_pickaxe":1,"stat.mineBlock.minecraft.wool":1,"stat.pickup.betteranimalsplus.pheasantraw":3,"stat.pickup.minecraft.sapling":62,"stat.pickup.minecraft.apple":8,"stat.useItem.minecraft.fireworks":109,"stat.killEntity.Skeleton":6,"stat.useItem.byg.hollyplanks":47,"stat.craftItem.minecraft.bucket":2,"stat.craftItem.minecraft.planks":96,"stat.useItem.minecraft.iron_sword":321,"stat.killEntity.Spider":7,"stat.pickup.minecraft.stone_sword":3,"stat.mobKills":49,"stat.mineBlock.minecraft.log":18,"stat.mineBlock.minecraft.leaves":1,"stat.pickup.minecraft.torch":68,"stat.sneakTime":13,"stat.pickup.minecraft.wool":19,"stat.pickup.minecraft.cooked_fish":16,"stat.mineBlock.minecraft.stone":36,"stat.pickup.byg.hollyplanks":2}