{"stat.cakeSlicesEaten":16,"stat.craftItem.betteranimalsplus.venisoncooked":2,"stat.useItem.minecraft.bow":6,"stat.pickup.minecraft.bone":9,"stat.pickup.betteranimalsplus.antler":4,"stat.useItem.minecraft.iron_axe":31,"stat.leaveGame":9,"stat.mineBlock.minecraft.cobblestone":4,"stat.pickup.minecraft.stone_pickaxe":1,"stat.killEntity.betteranimalsplus.goat":2,"stat.mineBlock.minecraft.yellow_flower":1,"stat.useItem.betteranimalsplus.venisoncooked":2,"stat.craftItem.minecraft.iron_axe":1,"stat.pickup.minecraft.leather_chestplate":6,"stat.useItem.minecraft.mutton":16,"stat.swimOneCm":18343,"stat.craftItem.minecraft.shield":1,"stat.useItem.minecraft.planks":1,"stat.pickup.minecraft.enchanted_book":1,"stat.pickup.minecraft.porkchop":2,"stat.useItem.minecraft.dirt":24,"stat.useItem.minecraft.stone_slab2":31,"stat.pickup.minecraft.bow":2,"stat.pickup.forge.bucketfilled":1,"stat.useItem.minecraft.water_bucket":1,"stat.mineBlock.minecraft.stone_brick_stairs":10,"stat.pickup.minecraft.rotten_flesh":13,"stat.pickup.minecraft.sand":14,"stat.craftItem.minecraft.furnace":1,"stat.craftItem.minecraft.stone_axe":2,"stat.craftItem.minecraft.spruce_boat":1,"stat.pickup.minecraft.anvil":1,"stat.useItem.minecraft.iron_ore":1,"stat.useItem.minecraft.birch_boat":1,"stat.pickup.minecraft.bucket":1,"stat.craftItem.minecraft.stone_pickaxe":1,"stat.pickup.minecraft.cobblestone":76,"stat.pickup.byg.iris":3,"stat.craftItem.minecraft.stone_sword":1,"stat.flyOneCm":23149,"stat.mineBlock.minecraft.emerald_block":13,"stat.pickup.minecraft.chainmail_chestplate":1,"stat.mineBlock.minecraft.sand":14,"stat.killEntity.betteranimalsplus.deer":2,"stat.mineBlock.minecraft.iron_ore":18,"stat.timeSinceDeath":23095,"stat.hopperInspected":7,"stat.useItem.minecraft.iron_pickaxe":106,"stat.craftItem.minecraft.wooden_pickaxe":1,"stat.pickup.minecraft.mutton":39,"stat.useItem.minecraft.iron_shovel":43,"stat.killEntity.Bat":1,"stat.craftItem.minecraft.bed":1,"stat.useItem.minecraft.potato":2,"stat.pickup.minecraft.chainmail_helmet":2,"stat.pickup.minecraft.stonebrick":14,"stat.furnaceInteraction":19,"stat.pickup.minecraft.iron_shovel":1,"stat.useItem.minecraft.cooked_porkchop":1,"stat.mineBlock.minecraft.coal_ore":98,"stat.pickup.minecraft.shield":8,"stat.pickup.minecraft.wooden_sword":1,"stat.pickup.minecraft.string":32,"stat.craftItem.byg.hollyplanks":48,"stat.pickup.minecraft.furnace":1,"stat.useItem.minecraft.cooked_mutton":6,"stat.entityKilledBy.Skeleton":1,"stat.pickup.minecraft.leather_helmet":2,"stat.sprintOneCm":128954,"stat.killEntity.betteranimalsplus.pheasant":1,"stat.pickup.minecraft.skull":1,"stat.craftItem.minecraft.stick":52,"stat.pickup.minecraft.potion":1,"stat.pickup.minecraft.fireworks":25,"stat.mineBlock.minecraft.crafting_table":4,"stat.mineBlock.minecraft.quartz_block":11,"stat.killEntity.betteranimalsplus.zotzpyre":1,"stat.pickup.minecraft.leather_leggings":9,"stat.useItem.betteranimalsplus.venisonraw":2,"stat.deaths":5,"stat.mineBlock.minecraft.planks":1,"stat.drop":1,"stat.playOneMinute":142603,"stat.killEntity.Sheep":15,"stat.craftItem.minecraft.iron_pickaxe":1,"stat.killEntity.Zombie":14,"stat.pickup.minecraft.iron_bars":19,"stat.mineBlock.minecraft.tallgrass":27,"stat.craftItem.minecraft.cooked_mutton":6,"stat.diveOneCm":13346,"stat.chestOpened":61,"stat.pickup.minecraft.gravel":3,"stat.pickup.minecraft.iron_sword":2,"stat.pickup.minecraft.arrow":16,"stat.craftItem.minecraft.cooked_porkchop":2,"stat.mineBlock.minecraft.anvil":1,"stat.pickup.minecraft.stone_axe":5,"stat.useItem.minecraft.apple":3,"stat.pickup.betteranimalsplus.venisonraw":4,"stat.pickup.minecraft.brick_stairs":4,"stat.useItem.minecraft.rotten_flesh":15,"stat.drop.minecraft.iron_pickaxe":1,"stat.pickup.minecraft.stone_brick_stairs":3,"stat.jump":1417,"stat.pickup.minecraft.coal":131,"stat.fallOneCm":19942,"stat.pickup.minecraft.iron_ingot":7,"stat.craftItem.minecraft.birch_boat":1,"stat.useItem.minecraft.stone_axe":99,"stat.mineBlock.byg.hollyplanks":3,"stat.pickup.minecraft.spider_eye":4,"stat.craftItem.minecraft.iron_ingot":16,"stat.craftItem.minecraft.torch":148,"stat.pickup.minecraft.dirt":79,"stat.craftingTableInteraction":28,"stat.pickup.minecraft.iron_ore":20,"stat.pickup.minecraft.stone_shovel":1,"stat.boatOneCm":292336,"stat.mineBlock.minecraft.iron_bars":18,"stat.pickup.minecraft.iron_axe":1,"stat.brewingstandInteraction":1,"stat.damageTaken":3661,"stat.pickup.minecraft.leather":9,"stat.mineBlock.minecraft.torch":24,"stat.mineBlock.minecraft.furnace":1,"stat.useItem.minecraft.wooden_pickaxe":14,"stat.dispenserInspected":12,"stat.pickup.minecraft.birch_boat":1,"stat.pickup.minecraft.planks":31,"stat.pickup.minecraft.bed":1,"stat.pickup.minecraft.wheat_seeds":6,"stat.pickup.minecraft.quartz_block":4,"stat.pickup.minecraft.potato":2,"stat.useItem.forge.bucketfilled":1,"stat.pickup.minecraft.emerald_block":13,"stat.entityKilledBy.Zombie":4,"stat.mineBlock.minecraft.gravel":2,"stat.useItem.minecraft.stone_pickaxe":132,"stat.mineBlock.byg.hollylog":13,"stat.useItem.minecraft.stone_sword":82,"stat.damageDealt":7852,"stat.sleepInBed":2,"stat.mineBlock.minecraft.dirt":41,"stat.killEntity.Pig":1,"stat.walkOneCm":825100,"stat.useItem.minecraft.torch":139,"stat.useItem.minecraft.bread":1,"stat.pickup.minecraft.stick":34,"stat.pickup.minecraft.crafting_table":7,"stat.useItem.minecraft.log":2,"stat.useItem.minecraft.cobblestone":18,"stat.craftItem.minecraft.crafting_table":4,"stat.useItem.minecraft.spruce_boat":2,"stat.pickup.byg.hollylog":12,"stat.pickup.minecraft.log":31,"stat.useItem.minecraft.cooked_fish":8,"stat.pickup.minecraft.iron_pickaxe":2,"stat.mineBlock.minecraft.wool":1,"stat.pickup.betteranimalsplus.pheasantraw":3,"stat.pickup.minecraft.sapling":62,"stat.pickup.minecraft.apple":8,"stat.useItem.minecraft.fireworks":109,"stat.killEntity.Skeleton":9,"stat.useItem.byg.hollyplanks":47,"stat.craftItem.minecraft.bucket":2,"stat.mineBlock.minecraft.stonebrick":19,"stat.craftItem.minecraft.planks":112,"stat.useItem.minecraft.iron_sword":337,"stat.killEntity.Spider":7,"stat.killEntity.WitherSkeleton":1,"stat.pickup.minecraft.stone_sword":4,"stat.pickup.minecraft.bread":2,"stat.mobKills":54,"stat.mineBlock.minecraft.log":22,"stat.mineBlock.minecraft.bookshelf":2,"stat.mineBlock.minecraft.leaves":1,"stat.pickup.minecraft.torch":126,"stat.sneakTime":13,"stat.pickup.minecraft.wool":19,"stat.pickup.minecraft.spruce_boat":1,"stat.pickup.minecraft.cooked_fish":17,"stat.mineBlock.minecraft.stone":45,"stat.pickup.byg.hollyplanks":4,"stat.pickup.minecraft.chest":1}