{"stat.chestOpened":2,"stat.walkOneCm":40394,"stat.useItem.minecraft.torch":2,"stat.craftItem.minecraft.planks":40,"stat.craftItem.minecraft.stone_axe":1,"stat.damageTaken":30,"stat.craftItem.minecraft.stone_pickaxe":1,"stat.mineBlock.minecraft.torch":1,"stat.useItem.minecraft.wooden_pickaxe":14,"stat.pickup.minecraft.cobblestone":15,"stat.mineBlock.minecraft.coal_ore":2,"stat.mineBlock.minecraft.log":4,"stat.pickup.minecraft.log":10,"stat.craftItem.minecraft.stone_sword":1,"stat.flyOneCm":356,"stat.jump":51,"stat.playOneMinute":7293,"stat.pickup.minecraft.coal":1,"stat.fallOneCm":1091,"stat.pickup.minecraft.torch":1,"stat.useItem.minecraft.stone_pickaxe":2,"stat.useItem.minecraft.stone_sword":3,"stat.damageDealt":58,"stat.sleepInBed":1,"stat.timeSinceDeath":7293,"stat.craftItem.minecraft.torch":12,"stat.pickup.minecraft.sapling":12,"stat.pickup.minecraft.dirt":9,"stat.sprintOneCm":3069,"stat.craftItem.minecraft.wooden_pickaxe":1,"stat.mineBlock.minecraft.stone":14,"stat.craftItem.minecraft.stick":12,"stat.craftingTableInteraction":4}