{"stat.craftItem.betteranimalsplus.venisoncooked":6,"stat.useItem.minecraft.bow":6,"stat.pickup.minecraft.wooden_slab":1,"stat.mineBlock.byg.spruceleavesorange":1,"stat.pickup.betteranimalsplus.antler":12,"stat.leaveGame":11,"stat.killEntity.betteranimalsplus.goat":2,"stat.useItem.betteranimalsplus.venisoncooked":6,"stat.craftItem.minecraft.iron_axe":1,"stat.useItem.minecraft.mutton":31,"stat.craftItem.minecraft.shield":1,"stat.useItem.minecraft.planks":17,"stat.mineBlock.minecraft.web":5,"stat.pickup.minecraft.porkchop":4,"stat.drop.minecraft.speckled_melon":3,"stat.useItem.minecraft.water_bucket":7,"stat.mineBlock.minecraft.stone_brick_stairs":11,"stat.pickup.minecraft.rotten_flesh":29,"stat.pickup.minecraft.sand":44,"stat.entityKilledBy.Spider":1,"stat.pickup.minecraft.brick_block":80,"stat.craftItem.minecraft.stone_axe":2,"stat.useItem.minecraft.birch_boat":1,"stat.pickup.minecraft.bucket":1,"stat.pickup.byg.iris":3,"stat.mineBlock.minecraft.wooden_slab":1,"stat.craftItem.minecraft.stone_sword":1,"stat.mineBlock.minecraft.emerald_block":13,"stat.pickup.minecraft.chainmail_chestplate":1,"stat.pickup.minecraft.brown_mushroom":2,"stat.mineBlock.minecraft.sand":18,"stat.mineBlock.byg.scoria":67,"stat.hopperInspected":7,"stat.useItem.minecraft.iron_pickaxe":1470,"stat.craftItem.minecraft.wooden_pickaxe":2,"stat.useItem.minecraft.iron_shovel":238,"stat.mineBlock.minecraft.brick_block":80,"stat.craftItem.minecraft.bed":2,"stat.furnaceInteraction":78,"stat.craftItem.byg.hollyplanks":48,"stat.pickup.minecraft.beef":1,"stat.pickup.minecraft.furnace":1,"stat.useItem.minecraft.cooked_mutton":8,"stat.pickup.minecraft.leather_helmet":2,"stat.pickup.minecraft.skull":3,"stat.pickup.minecraft.potion":1,"stat.useItem.minecraft.flint_and_steel":88,"stat.killEntity.betteranimalsplus.zotzpyre":1,"stat.useItem.minecraft.beef":1,"stat.deaths":14,"stat.playOneMinute":502145,"stat.craftItem.minecraft.iron_pickaxe":5,"stat.craftItem.byg.palm_planks":32,"stat.pickup.minecraft.iron_bars":25,"stat.mineBlock.minecraft.tallgrass":63,"stat.craftItem.minecraft.cooked_mutton":8,"stat.pickup.minecraft.netherrack":5,"stat.pickup.minecraft.cooked_mutton":2,"stat.chestOpened":194,"stat.useItem.minecraft.stone":24,"stat.mineBlock.minecraft.netherrack":5,"stat.pickup.minecraft.iron_sword":9,"stat.pickup.minecraft.arrow":21,"stat.pickup.betteranimalsplus.venisonraw":10,"stat.pickup.minecraft.brick_stairs":4,"stat.drop.minecraft.iron_pickaxe":2,"stat.pickup.minecraft.cooked_chicken":1,"stat.fallOneCm":61191,"stat.pickup.minecraft.carrot":1,"stat.crouchOneCm":9,"stat.mineBlock.byg.hollyplanks":3,"stat.mineBlock.minecraft.chest":3,"stat.craftItem.minecraft.iron_ingot":88,"stat.craftItem.minecraft.chest":6,"stat.craftingTableInteraction":106,"stat.pickup.minecraft.birch_boat":1,"stat.pickup.minecraft.dye":17,"stat.pickup.minecraft.planks":72,"stat.pickup.minecraft.wheat_seeds":8,"stat.mineBlock.minecraft.gravel":43,"stat.useItem.minecraft.stone_pickaxe":411,"stat.useItem.minecraft.stone_sword":82,"stat.craftItem.minecraft.iron_leggings":1,"stat.useItem.minecraft.wool":1,"stat.mineBlock.minecraft.dirt":232,"stat.useItem.minecraft.torch":335,"stat.useItem.minecraft.bread":18,"stat.pickup.minecraft.crafting_table":8,"stat.useItem.minecraft.log":3,"stat.useItem.minecraft.cobblestone":414,"stat.pickup.minecraft.magma":19,"stat.craftItem.minecraft.crafting_table":10,"stat.useItem.minecraft.gravel":5,"stat.mineBlock.minecraft.double_plant":2,"stat.craftItem.minecraft.boat":2,"stat.pickup.byg.hollylog":12,"stat.pickup.minecraft.log":192,"stat.useItem.minecraft.cooked_fish":12,"stat.pickup.minecraft.iron_pickaxe":5,"stat.craftItem.minecraft.gold_ingot":8,"stat.pickup.minecraft.sapling":80,"stat.pickup.minecraft.wooden_door":4,"stat.pickup.minecraft.apple":9,"stat.useItem.minecraft.fireworks":229,"stat.useItem.byg.palm_planks":1,"stat.useItem.betteranimalsplus.pheasantcooked":3,"stat.craftItem.minecraft.bucket":4,"stat.craftItem.minecraft.planks":512,"stat.useItem.minecraft.iron_sword":706,"stat.killEntity.WitherSkeleton":1,"stat.pickup.minecraft.stone_sword":6,"stat.useItem.minecraft.stonebrick":10,"stat.mineBlock.minecraft.log":192,"stat.craftItem.minecraft.wooden_door":6,"stat.useItem.minecraft.wooden_door":7,"stat.pickup.minecraft.red_flower":3,"stat.sneakTime":124,"stat.pickup.minecraft.wool":26,"stat.pickup.minecraft.cooked_fish":17,"stat.pickup.byg.hollyplanks":4,"stat.pickup.minecraft.chest":4,"stat.cakeSlicesEaten":29,"stat.pickup.minecraft.bone":15,"stat.useItem.minecraft.iron_axe":146,"stat.mineBlock.minecraft.cobblestone":46,"stat.pickup.minecraft.stone_pickaxe":3,"stat.pickup.minecraft.flint":4,"stat.mineBlock.minecraft.yellow_flower":1,"stat.pickup.minecraft.leather_chestplate":6,"stat.swimOneCm":107674,"stat.pickup.minecraft.enchanted_book":1,"stat.climbOneCm":1355,"stat.useItem.minecraft.dirt":136,"stat.killEntity.betteranimalsplus.boar":1,"stat.useItem.minecraft.stone_slab2":126,"stat.pickup.minecraft.bow":4,"stat.pickup.forge.bucketfilled":1,"stat.craftItem.minecraft.furnace":4,"stat.mineBlock.byg.palm_log":8,"stat.craftItem.minecraft.spruce_boat":6,"stat.craftItem.minecraft.iron_boots":1,"stat.pickup.minecraft.anvil":1,"stat.useItem.minecraft.iron_ore":1,"stat.craftItem.minecraft.stone_pickaxe":5,"stat.mineBlock.minecraft.magma":19,"stat.pickup.minecraft.cobblestone":899,"stat.useItem.minecraft.brick_block":32,"stat.flyOneCm":83406,"stat.killEntity.betteranimalsplus.deer":6,"stat.pickup.minecraft.redstone":25,"stat.mineBlock.minecraft.iron_ore":159,"stat.timeSinceDeath":35369,"stat.pickup.minecraft.mutton":53,"stat.pickup.minecraft.mossy_cobblestone":1,"stat.killEntity.Bat":1,"stat.useItem.minecraft.potato":2,"stat.pickup.minecraft.chainmail_helmet":3,"stat.pickup.minecraft.stonebrick":144,"stat.pickup.minecraft.iron_shovel":3,"stat.useItem.minecraft.cooked_porkchop":2,"stat.mineBlock.minecraft.coal_ore":243,"stat.pickup.minecraft.shield":12,"stat.pickup.minecraft.wooden_sword":1,"stat.pickup.minecraft.string":43,"stat.pickup.betteranimalsplus.wolf_pelt_timber":4,"stat.entityKilledBy.Skeleton":3,"stat.sprintOneCm":415488,"stat.killEntity.betteranimalsplus.pheasant":1,"stat.craftItem.minecraft.stick":136,"stat.pickup.minecraft.speckled_melon":6,"stat.craftItem.minecraft.stone":28,"stat.pickup.minecraft.fireworks":90,"stat.mineBlock.minecraft.crafting_table":5,"stat.mineBlock.minecraft.quartz_block":16,"stat.useItem.minecraft.carrot":1,"stat.pickup.minecraft.leather_leggings":9,"stat.useItem.betteranimalsplus.venisonraw":4,"stat.mineBlock.minecraft.planks":29,"stat.drop":5,"stat.killEntity.Sheep":23,"stat.killEntity.Zombie":23,"stat.mineBlock.minecraft.gold_ore":19,"stat.diveOneCm":81197,"stat.pickup.minecraft.gravel":37,"stat.craftItem.minecraft.cooked_porkchop":2,"stat.mineBlock.minecraft.anvil":1,"stat.useItem.minecraft.diamond_axe":12,"stat.pickup.minecraft.stone_axe":5,"stat.useItem.minecraft.apple":7,"stat.useItem.minecraft.porkchop":2,"stat.useItem.byg.soapstone":199,"stat.useItem.minecraft.rotten_flesh":35,"stat.pickup.minecraft.stone_brick_stairs":13,"stat.pickup.byg.soapstone":216,"stat.jump":4789,"stat.useItem.minecraft.sand":13,"stat.pickup.minecraft.coal":359,"stat.pickup.minecraft.iron_helmet":2,"stat.pickup.minecraft.iron_ingot":34,"stat.craftItem.minecraft.birch_boat":1,"stat.useItem.minecraft.stone_axe":99,"stat.entityKilledBy.CaveSpider":2,"stat.pickup.minecraft.spider_eye":5,"stat.craftItem.minecraft.torch":228,"stat.pickup.byg.scoria":66,"stat.pickup.minecraft.dirt":292,"stat.pickup.minecraft.iron_ore":161,"stat.pickup.minecraft.stone_shovel":1,"stat.boatOneCm":1292290,"stat.mineBlock.minecraft.iron_bars":24,"stat.pickup.minecraft.gold_ore":19,"stat.craftItem.minecraft.flint_and_steel":3,"stat.mineBlock.minecraft.lapis_ore":3,"stat.useItem.byg.scoria":65,"stat.pickup.minecraft.iron_axe":5,"stat.brewingstandInteraction":1,"stat.damageTaken":9046,"stat.pickup.minecraft.leather":22,"stat.useItem.minecraft.stone_brick_stairs":2,"stat.mineBlock.minecraft.torch":42,"stat.mineBlock.minecraft.furnace":1,"stat.mineBlock.minecraft.red_flower":3,"stat.useItem.minecraft.wooden_pickaxe":47,"stat.dispenserInspected":27,"stat.craftItem.betteranimalsplus.pheasantcooked":3,"stat.entityKilledBy.ZombieVillager":1,"stat.pickup.minecraft.bed":9,"stat.pickup.minecraft.quartz_block":4,"stat.pickup.minecraft.potato":2,"stat.useItem.forge.bucketfilled":3,"stat.pickup.minecraft.emerald_block":39,"stat.entityKilledBy.Zombie":6,"stat.mineBlock.byg.hollylog":13,"stat.damageDealt":13236,"stat.sleepInBed":6,"stat.killEntity.Cow":1,"stat.killEntity.Pig":1,"stat.walkOneCm":2243277,"stat.useItem.minecraft.chest":4,"stat.pickup.minecraft.stick":43,"stat.mineBlock.byg.rockystone2":1,"stat.killEntity.betteranimalsplus.feralwolf":1,"stat.useItem.minecraft.emerald_block":6,"stat.useItem.minecraft.lava_bucket":10,"stat.useItem.minecraft.spruce_boat":9,"stat.pickup.minecraft.stone":120,"stat.craftItem.minecraft.iron_chestplate":1,"stat.mineBlock.minecraft.wool":2,"stat.pickup.betteranimalsplus.pheasantraw":3,"stat.pickup.byg.palm_planks":28,"stat.killEntity.Skeleton":13,"stat.useItem.byg.hollyplanks":47,"stat.pickup.byg.palm_log":8,"stat.mineBlock.minecraft.stonebrick":64,"stat.mineBlock.byg.soapstone":220,"stat.killEntity.Spider":16,"stat.pickup.minecraft.bread":2,"stat.mobKills":92,"stat.mineBlock.minecraft.bookshelf":2,"stat.useItem.minecraft.boat":2,"stat.pickup.minecraft.water_bucket":2,"stat.mineBlock.minecraft.leaves":4,"stat.pickup.minecraft.torch":224,"stat.mineBlock.minecraft.redstone_ore":6,"stat.pickup.minecraft.spruce_boat":3,"stat.mineBlock.minecraft.stone":867}