{"stat.cakeSlicesEaten":14,"stat.craftItem.betteranimalsplus.venisoncooked":2,"stat.pickup.betteranimalsplus.antler":4,"stat.leaveGame":7,"stat.pickup.minecraft.stone_pickaxe":1,"stat.mineBlock.minecraft.yellow_flower":1,"stat.pickup.minecraft.leather_chestplate":3,"stat.swimOneCm":5407,"stat.craftItem.minecraft.shield":1,"stat.pickup.minecraft.porkchop":2,"stat.useItem.minecraft.dirt":16,"stat.useItem.minecraft.stone_slab2":16,"stat.pickup.minecraft.rotten_flesh":8,"stat.pickup.minecraft.sand":1,"stat.craftItem.minecraft.stone_axe":2,"stat.pickup.minecraft.anvil":1,"stat.useItem.minecraft.iron_ore":1,"stat.useItem.minecraft.birch_boat":1,"stat.craftItem.minecraft.stone_pickaxe":1,"stat.pickup.minecraft.cobblestone":62,"stat.pickup.byg.iris":1,"stat.craftItem.minecraft.stone_sword":1,"stat.flyOneCm":13453,"stat.pickup.minecraft.chainmail_chestplate":1,"stat.mineBlock.minecraft.sand":1,"stat.killEntity.betteranimalsplus.deer":2,"stat.mineBlock.minecraft.iron_ore":4,"stat.timeSinceDeath":49747,"stat.hopperInspected":3,"stat.craftItem.minecraft.wooden_pickaxe":1,"stat.pickup.minecraft.mutton":23,"stat.useItem.minecraft.iron_shovel":43,"stat.killEntity.Bat":1,"stat.craftItem.minecraft.bed":1,"stat.useItem.minecraft.potato":1,"stat.pickup.minecraft.stonebrick":2,"stat.furnaceInteraction":16,"stat.pickup.minecraft.iron_shovel":1,"stat.useItem.minecraft.cooked_porkchop":1,"stat.mineBlock.minecraft.coal_ore":37,"stat.pickup.minecraft.shield":7,"stat.pickup.minecraft.wooden_sword":1,"stat.pickup.minecraft.string":30,"stat.pickup.minecraft.leather_helmet":1,"stat.sprintOneCm":68088,"stat.killEntity.betteranimalsplus.pheasant":1,"stat.craftItem.minecraft.stick":20,"stat.mineBlock.minecraft.crafting_table":2,"stat.killEntity.betteranimalsplus.zotzpyre":1,"stat.pickup.minecraft.leather_leggings":8,"stat.deaths":4,"stat.playOneMinute":82789,"stat.killEntity.Sheep":15,"stat.killEntity.Zombie":10,"stat.pickup.minecraft.iron_bars":7,"stat.mineBlock.minecraft.tallgrass":20,"stat.craftItem.minecraft.cooked_mutton":6,"stat.diveOneCm":10141,"stat.chestOpened":27,"stat.pickup.minecraft.gravel":1,"stat.pickup.minecraft.iron_sword":1,"stat.pickup.minecraft.arrow":6,"stat.craftItem.minecraft.cooked_porkchop":2,"stat.mineBlock.minecraft.anvil":1,"stat.pickup.minecraft.stone_axe":5,"stat.useItem.minecraft.apple":3,"stat.pickup.betteranimalsplus.venisonraw":4,"stat.pickup.minecraft.brick_stairs":4,"stat.useItem.minecraft.rotten_flesh":6,"stat.pickup.minecraft.stone_brick_stairs":3,"stat.jump":935,"stat.pickup.minecraft.coal":36,"stat.fallOneCm":13554,"stat.pickup.minecraft.iron_ingot":4,"stat.craftItem.minecraft.birch_boat":1,"stat.useItem.minecraft.stone_axe":82,"stat.pickup.minecraft.spider_eye":2,"stat.craftItem.minecraft.iron_ingot":2,"stat.craftItem.minecraft.torch":32,"stat.pickup.minecraft.dirt":79,"stat.craftingTableInteraction":21,"stat.pickup.minecraft.iron_ore":6,"stat.pickup.minecraft.stone_shovel":1,"stat.boatOneCm":155023,"stat.mineBlock.minecraft.iron_bars":4,"stat.damageTaken":2044,"stat.mineBlock.minecraft.torch":6,"stat.useItem.minecraft.wooden_pickaxe":14,"stat.pickup.minecraft.birch_boat":1,"stat.pickup.minecraft.planks":31,"stat.pickup.minecraft.wheat_seeds":5,"stat.pickup.minecraft.potato":1,"stat.entityKilledBy.Zombie":4,"stat.useItem.minecraft.stone_pickaxe":64,"stat.useItem.minecraft.stone_sword":82,"stat.damageDealt":5543,"stat.sleepInBed":2,"stat.mineBlock.minecraft.dirt":41,"stat.killEntity.Pig":1,"stat.walkOneCm":476839,"stat.useItem.minecraft.torch":16,"stat.useItem.minecraft.bread":1,"stat.pickup.minecraft.stick":30,"stat.pickup.minecraft.crafting_table":5,"stat.useItem.minecraft.cobblestone":5,"stat.craftItem.minecraft.crafting_table":3,"stat.pickup.minecraft.log":17,"stat.useItem.minecraft.cooked_fish":7,"stat.mineBlock.minecraft.wool":1,"stat.pickup.betteranimalsplus.pheasantraw":3,"stat.pickup.minecraft.sapling":60,"stat.pickup.minecraft.apple":8,"stat.killEntity.Skeleton":5,"stat.craftItem.minecraft.planks":68,"stat.useItem.minecraft.iron_sword":205,"stat.killEntity.Spider":6,"stat.pickup.minecraft.stone_sword":3,"stat.mobKills":42,"stat.mineBlock.minecraft.log":11,"stat.mineBlock.minecraft.leaves":1,"stat.pickup.minecraft.torch":46,"stat.pickup.minecraft.wool":19,"stat.pickup.minecraft.cooked_fish":16,"stat.mineBlock.minecraft.stone":25}