{"stat.cakeSlicesEaten":14,"stat.leaveGame":2,"stat.pickup.minecraft.stone_pickaxe":1,"stat.pickup.minecraft.leather_chestplate":3,"stat.craftItem.minecraft.shield":1,"stat.pickup.minecraft.porkchop":2,"stat.useItem.minecraft.dirt":5,"stat.useItem.minecraft.stone_slab2":11,"stat.pickup.minecraft.rotten_flesh":6,"stat.craftItem.minecraft.stone_axe":1,"stat.pickup.minecraft.anvil":1,"stat.useItem.minecraft.iron_ore":1,"stat.craftItem.minecraft.stone_pickaxe":1,"stat.pickup.minecraft.cobblestone":53,"stat.craftItem.minecraft.stone_sword":1,"stat.flyOneCm":8630,"stat.pickup.minecraft.chainmail_chestplate":1,"stat.mineBlock.minecraft.iron_ore":4,"stat.timeSinceDeath":16150,"stat.hopperInspected":3,"stat.craftItem.minecraft.wooden_pickaxe":1,"stat.useItem.minecraft.iron_shovel":6,"stat.killEntity.Bat":1,"stat.pickup.minecraft.stonebrick":2,"stat.furnaceInteraction":9,"stat.pickup.minecraft.iron_shovel":1,"stat.mineBlock.minecraft.coal_ore":25,"stat.pickup.minecraft.shield":7,"stat.pickup.minecraft.wooden_sword":1,"stat.pickup.minecraft.string":30,"stat.pickup.minecraft.leather_helmet":1,"stat.sprintOneCm":43835,"stat.craftItem.minecraft.stick":12,"stat.mineBlock.minecraft.crafting_table":1,"stat.killEntity.betteranimalsplus.zotzpyre":1,"stat.pickup.minecraft.leather_leggings":8,"stat.deaths":4,"stat.playOneMinute":49192,"stat.killEntity.Zombie":10,"stat.pickup.minecraft.iron_bars":7,"stat.mineBlock.minecraft.tallgrass":1,"stat.chestOpened":24,"stat.pickup.minecraft.gravel":1,"stat.pickup.minecraft.iron_sword":1,"stat.pickup.minecraft.arrow":5,"stat.mineBlock.minecraft.anvil":1,"stat.pickup.minecraft.stone_axe":5,"stat.useItem.minecraft.apple":3,"stat.pickup.minecraft.brick_stairs":4,"stat.useItem.minecraft.rotten_flesh":4,"stat.pickup.minecraft.stone_brick_stairs":3,"stat.jump":425,"stat.pickup.minecraft.coal":24,"stat.fallOneCm":8047,"stat.pickup.minecraft.iron_ingot":4,"stat.useItem.minecraft.stone_axe":81,"stat.pickup.minecraft.spider_eye":2,"stat.craftItem.minecraft.iron_ingot":2,"stat.craftItem.minecraft.torch":12,"stat.pickup.minecraft.dirt":44,"stat.craftingTableInteraction":13,"stat.pickup.minecraft.iron_ore":6,"stat.pickup.minecraft.stone_shovel":1,"stat.mineBlock.minecraft.iron_bars":4,"stat.damageTaken":1691,"stat.mineBlock.minecraft.torch":6,"stat.useItem.minecraft.wooden_pickaxe":14,"stat.pickup.minecraft.planks":31,"stat.pickup.minecraft.wheat_seeds":2,"stat.pickup.minecraft.potato":1,"stat.entityKilledBy.Zombie":4,"stat.useItem.minecraft.stone_pickaxe":41,"stat.useItem.minecraft.stone_sword":82,"stat.damageDealt":3204,"stat.sleepInBed":2,"stat.mineBlock.minecraft.dirt":7,"stat.killEntity.Pig":1,"stat.walkOneCm":300644,"stat.useItem.minecraft.torch":15,"stat.pickup.minecraft.stick":24,"stat.pickup.minecraft.crafting_table":4,"stat.useItem.minecraft.cobblestone":5,"stat.pickup.minecraft.log":10,"stat.useItem.minecraft.cooked_fish":3,"stat.mineBlock.minecraft.wool":1,"stat.pickup.minecraft.sapling":60,"stat.pickup.minecraft.apple":8,"stat.killEntity.Skeleton":3,"stat.craftItem.minecraft.planks":40,"stat.useItem.minecraft.iron_sword":69,"stat.killEntity.Spider":6,"stat.pickup.minecraft.stone_sword":3,"stat.mobKills":22,"stat.mineBlock.minecraft.log":4,"stat.pickup.minecraft.torch":46,"stat.pickup.minecraft.wool":1,"stat.pickup.minecraft.cooked_fish":16,"stat.mineBlock.minecraft.stone":16}