{"stat.craftItem.betteranimalsplus.venisoncooked":6,"stat.useItem.minecraft.bow":6,"stat.pickup.minecraft.wooden_slab":1,"stat.pickup.betteranimalsplus.antler":12,"stat.leaveGame":11,"stat.killEntity.betteranimalsplus.goat":2,"stat.useItem.betteranimalsplus.venisoncooked":6,"stat.craftItem.minecraft.iron_axe":1,"stat.useItem.minecraft.mutton":26,"stat.craftItem.minecraft.shield":1,"stat.useItem.minecraft.planks":17,"stat.mineBlock.minecraft.web":5,"stat.pickup.minecraft.porkchop":4,"stat.useItem.minecraft.water_bucket":1,"stat.mineBlock.minecraft.stone_brick_stairs":11,"stat.pickup.minecraft.rotten_flesh":24,"stat.pickup.minecraft.sand":43,"stat.entityKilledBy.Spider":1,"stat.pickup.minecraft.brick_block":80,"stat.craftItem.minecraft.stone_axe":2,"stat.useItem.minecraft.birch_boat":1,"stat.pickup.minecraft.bucket":1,"stat.pickup.byg.iris":3,"stat.mineBlock.minecraft.wooden_slab":1,"stat.craftItem.minecraft.stone_sword":1,"stat.mineBlock.minecraft.emerald_block":13,"stat.pickup.minecraft.chainmail_chestplate":1,"stat.mineBlock.minecraft.sand":17,"stat.hopperInspected":7,"stat.useItem.minecraft.iron_pickaxe":606,"stat.craftItem.minecraft.wooden_pickaxe":2,"stat.useItem.minecraft.iron_shovel":117,"stat.mineBlock.minecraft.brick_block":80,"stat.craftItem.minecraft.bed":1,"stat.furnaceInteraction":43,"stat.craftItem.byg.hollyplanks":48,"stat.pickup.minecraft.beef":1,"stat.pickup.minecraft.furnace":1,"stat.useItem.minecraft.cooked_mutton":6,"stat.pickup.minecraft.leather_helmet":2,"stat.pickup.minecraft.skull":3,"stat.pickup.minecraft.potion":1,"stat.useItem.minecraft.flint_and_steel":83,"stat.killEntity.betteranimalsplus.zotzpyre":1,"stat.useItem.minecraft.beef":1,"stat.deaths":12,"stat.playOneMinute":412145,"stat.craftItem.minecraft.iron_pickaxe":1,"stat.craftItem.byg.palm_planks":32,"stat.pickup.minecraft.iron_bars":25,"stat.mineBlock.minecraft.tallgrass":60,"stat.craftItem.minecraft.cooked_mutton":6,"stat.pickup.minecraft.netherrack":5,"stat.pickup.minecraft.cooked_mutton":2,"stat.chestOpened":163,"stat.useItem.minecraft.stone":9,"stat.mineBlock.minecraft.netherrack":5,"stat.pickup.minecraft.iron_sword":7,"stat.pickup.minecraft.arrow":17,"stat.pickup.betteranimalsplus.venisonraw":10,"stat.pickup.minecraft.brick_stairs":4,"stat.drop.minecraft.iron_pickaxe":2,"stat.pickup.minecraft.cooked_chicken":1,"stat.fallOneCm":54609,"stat.pickup.minecraft.carrot":1,"stat.crouchOneCm":9,"stat.mineBlock.byg.hollyplanks":3,"stat.mineBlock.minecraft.chest":3,"stat.craftItem.minecraft.iron_ingot":44,"stat.craftItem.minecraft.chest":4,"stat.craftingTableInteraction":65,"stat.pickup.minecraft.birch_boat":1,"stat.pickup.minecraft.planks":72,"stat.pickup.minecraft.wheat_seeds":8,"stat.mineBlock.minecraft.gravel":32,"stat.useItem.minecraft.stone_pickaxe":393,"stat.useItem.minecraft.stone_sword":82,"stat.useItem.minecraft.wool":1,"stat.mineBlock.minecraft.dirt":124,"stat.useItem.minecraft.torch":257,"stat.useItem.minecraft.bread":18,"stat.pickup.minecraft.crafting_table":7,"stat.useItem.minecraft.log":2,"stat.useItem.minecraft.cobblestone":135,"stat.pickup.minecraft.magma":19,"stat.craftItem.minecraft.crafting_table":8,"stat.useItem.minecraft.gravel":2,"stat.mineBlock.minecraft.double_plant":2,"stat.craftItem.minecraft.boat":2,"stat.pickup.byg.hollylog":12,"stat.pickup.minecraft.log":84,"stat.useItem.minecraft.cooked_fish":12,"stat.pickup.minecraft.iron_pickaxe":3,"stat.pickup.minecraft.sapling":64,"stat.pickup.minecraft.wooden_door":1,"stat.pickup.minecraft.apple":8,"stat.useItem.minecraft.fireworks":229,"stat.useItem.byg.palm_planks":1,"stat.useItem.betteranimalsplus.pheasantcooked":3,"stat.craftItem.minecraft.bucket":2,"stat.craftItem.minecraft.planks":324,"stat.useItem.minecraft.iron_sword":673,"stat.killEntity.WitherSkeleton":1,"stat.pickup.minecraft.stone_sword":6,"stat.useItem.minecraft.stonebrick":10,"stat.mineBlock.minecraft.log":92,"stat.craftItem.minecraft.wooden_door":3,"stat.useItem.minecraft.wooden_door":3,"stat.pickup.minecraft.red_flower":2,"stat.sneakTime":49,"stat.pickup.minecraft.wool":26,"stat.pickup.minecraft.cooked_fish":17,"stat.pickup.byg.hollyplanks":4,"stat.pickup.minecraft.chest":4,"stat.cakeSlicesEaten":29,"stat.pickup.minecraft.bone":10,"stat.useItem.minecraft.iron_axe":123,"stat.mineBlock.minecraft.cobblestone":31,"stat.pickup.minecraft.stone_pickaxe":3,"stat.pickup.minecraft.flint":3,"stat.mineBlock.minecraft.yellow_flower":1,"stat.pickup.minecraft.leather_chestplate":6,"stat.swimOneCm":82427,"stat.pickup.minecraft.enchanted_book":1,"stat.climbOneCm":1355,"stat.useItem.minecraft.dirt":57,"stat.killEntity.betteranimalsplus.boar":1,"stat.useItem.minecraft.stone_slab2":79,"stat.pickup.minecraft.bow":4,"stat.pickup.forge.bucketfilled":1,"stat.craftItem.minecraft.furnace":1,"stat.mineBlock.byg.palm_log":8,"stat.craftItem.minecraft.spruce_boat":6,"stat.pickup.minecraft.anvil":1,"stat.useItem.minecraft.iron_ore":1,"stat.craftItem.minecraft.stone_pickaxe":3,"stat.mineBlock.minecraft.magma":19,"stat.pickup.minecraft.cobblestone":552,"stat.useItem.minecraft.brick_block":32,"stat.flyOneCm":67791,"stat.killEntity.betteranimalsplus.deer":6,"stat.mineBlock.minecraft.iron_ore":48,"stat.timeSinceDeath":183907,"stat.pickup.minecraft.mutton":53,"stat.pickup.minecraft.mossy_cobblestone":1,"stat.killEntity.Bat":1,"stat.useItem.minecraft.potato":2,"stat.pickup.minecraft.chainmail_helmet":3,"stat.pickup.minecraft.stonebrick":144,"stat.pickup.minecraft.iron_shovel":1,"stat.useItem.minecraft.cooked_porkchop":2,"stat.mineBlock.minecraft.coal_ore":147,"stat.pickup.minecraft.shield":10,"stat.pickup.minecraft.wooden_sword":1,"stat.pickup.minecraft.string":43,"stat.pickup.betteranimalsplus.wolf_pelt_timber":4,"stat.entityKilledBy.Skeleton":2,"stat.sprintOneCm":372330,"stat.killEntity.betteranimalsplus.pheasant":1,"stat.craftItem.minecraft.stick":60,"stat.craftItem.minecraft.stone":28,"stat.pickup.minecraft.fireworks":90,"stat.mineBlock.minecraft.crafting_table":4,"stat.mineBlock.minecraft.quartz_block":16,"stat.useItem.minecraft.carrot":1,"stat.pickup.minecraft.leather_leggings":9,"stat.useItem.betteranimalsplus.venisonraw":4,"stat.mineBlock.minecraft.planks":29,"stat.drop":2,"stat.killEntity.Sheep":23,"stat.killEntity.Zombie":21,"stat.mineBlock.minecraft.gold_ore":5,"stat.diveOneCm":64424,"stat.pickup.minecraft.gravel":27,"stat.craftItem.minecraft.cooked_porkchop":2,"stat.mineBlock.minecraft.anvil":1,"stat.useItem.minecraft.diamond_axe":12,"stat.pickup.minecraft.stone_axe":5,"stat.useItem.minecraft.apple":6,"stat.useItem.minecraft.rotten_flesh":26,"stat.pickup.minecraft.stone_brick_stairs":13,"stat.jump":3693,"stat.useItem.minecraft.sand":13,"stat.pickup.minecraft.coal":248,"stat.pickup.minecraft.iron_ingot":13,"stat.craftItem.minecraft.birch_boat":1,"stat.useItem.minecraft.stone_axe":99,"stat.entityKilledBy.CaveSpider":2,"stat.pickup.minecraft.spider_eye":5,"stat.craftItem.minecraft.torch":164,"stat.pickup.minecraft.dirt":179,"stat.pickup.minecraft.iron_ore":50,"stat.pickup.minecraft.stone_shovel":1,"stat.boatOneCm":1292290,"stat.mineBlock.minecraft.iron_bars":24,"stat.pickup.minecraft.gold_ore":5,"stat.craftItem.minecraft.flint_and_steel":2,"stat.pickup.minecraft.iron_axe":3,"stat.brewingstandInteraction":1,"stat.damageTaken":8002,"stat.pickup.minecraft.leather":22,"stat.useItem.minecraft.stone_brick_stairs":2,"stat.mineBlock.minecraft.torch":32,"stat.mineBlock.minecraft.furnace":1,"stat.mineBlock.minecraft.red_flower":2,"stat.useItem.minecraft.wooden_pickaxe":47,"stat.dispenserInspected":27,"stat.craftItem.betteranimalsplus.pheasantcooked":3,"stat.entityKilledBy.ZombieVillager":1,"stat.pickup.minecraft.bed":9,"stat.pickup.minecraft.quartz_block":4,"stat.pickup.minecraft.potato":2,"stat.useItem.forge.bucketfilled":3,"stat.pickup.minecraft.emerald_block":39,"stat.entityKilledBy.Zombie":5,"stat.mineBlock.byg.hollylog":13,"stat.damageDealt":12273,"stat.sleepInBed":5,"stat.killEntity.Cow":1,"stat.killEntity.Pig":1,"stat.walkOneCm":1893361,"stat.useItem.minecraft.chest":3,"stat.pickup.minecraft.stick":43,"stat.mineBlock.byg.rockystone2":1,"stat.killEntity.betteranimalsplus.feralwolf":1,"stat.useItem.minecraft.emerald_block":6,"stat.useItem.minecraft.spruce_boat":9,"stat.pickup.minecraft.stone":91,"stat.mineBlock.minecraft.wool":2,"stat.pickup.betteranimalsplus.pheasantraw":3,"stat.pickup.byg.palm_planks":28,"stat.killEntity.Skeleton":10,"stat.useItem.byg.hollyplanks":47,"stat.pickup.byg.palm_log":8,"stat.mineBlock.minecraft.stonebrick":64,"stat.killEntity.Spider":16,"stat.pickup.minecraft.bread":2,"stat.mobKills":86,"stat.mineBlock.minecraft.bookshelf":2,"stat.useItem.minecraft.boat":2,"stat.mineBlock.minecraft.leaves":4,"stat.pickup.minecraft.torch":146,"stat.pickup.minecraft.spruce_boat":3,"stat.mineBlock.minecraft.stone":518}