{"stat.chestOpened":5,"stat.cakeSlicesEaten":13,"stat.walkOneCm":179647,"stat.useItem.minecraft.torch":5,"stat.pickup.minecraft.stick":18,"stat.pickup.minecraft.crafting_table":4,"stat.pickup.minecraft.stonebrick":2,"stat.useItem.minecraft.cobblestone":5,"stat.furnaceInteraction":9,"stat.pickup.minecraft.stone_axe":3,"stat.useItem.minecraft.apple":2,"stat.mineBlock.minecraft.coal_ore":25,"stat.pickup.minecraft.shield":3,"stat.pickup.minecraft.log":10,"stat.pickup.minecraft.brick_stairs":4,"stat.pickup.minecraft.string":18,"stat.useItem.minecraft.rotten_flesh":4,"stat.useItem.minecraft.cooked_fish":2,"stat.pickup.minecraft.stone_brick_stairs":2,"stat.jump":292,"stat.pickup.minecraft.coal":24,"stat.fallOneCm":5275,"stat.craftItem.minecraft.shield":1,"stat.pickup.minecraft.iron_ingot":3,"stat.useItem.minecraft.stone_axe":53,"stat.craftItem.minecraft.iron_ingot":2,"stat.craftItem.minecraft.torch":12,"stat.pickup.minecraft.sapling":48,"stat.pickup.minecraft.dirt":36,"stat.sprintOneCm":22917,"stat.useItem.minecraft.stone_slab2":2,"stat.pickup.minecraft.apple":8,"stat.craftItem.minecraft.stick":12,"stat.craftingTableInteraction":11,"stat.pickup.minecraft.iron_ore":6,"stat.pickup.minecraft.rotten_flesh":5,"stat.mineBlock.minecraft.iron_bars":3,"stat.craftItem.minecraft.planks":40,"stat.craftItem.minecraft.stone_axe":1,"stat.damageTaken":1306,"stat.useItem.minecraft.iron_ore":1,"stat.killEntity.Spider":2,"stat.mineBlock.minecraft.crafting_table":1,"stat.pickup.minecraft.stone_sword":3,"stat.craftItem.minecraft.stone_pickaxe":1,"stat.mineBlock.minecraft.torch":2,"stat.useItem.minecraft.wooden_pickaxe":14,"stat.killEntity.betteranimalsplus.zotzpyre":1,"stat.pickup.minecraft.cobblestone":53,"stat.mobKills":9,"stat.pickup.minecraft.leather_leggings":6,"stat.mineBlock.minecraft.log":4,"stat.pickup.minecraft.planks":31,"stat.craftItem.minecraft.stone_sword":1,"stat.flyOneCm":6766,"stat.deaths":3,"stat.playOneMinute":31293,"stat.entityKilledBy.Zombie":3,"stat.pickup.minecraft.torch":33,"stat.useItem.minecraft.stone_pickaxe":37,"stat.useItem.minecraft.stone_sword":80,"stat.damageDealt":1444,"stat.mineBlock.minecraft.iron_ore":4,"stat.sleepInBed":2,"stat.killEntity.Zombie":6,"stat.timeSinceDeath":3784,"stat.pickup.minecraft.iron_bars":6,"stat.pickup.minecraft.cooked_fish":13,"stat.craftItem.minecraft.wooden_pickaxe":1,"stat.mineBlock.minecraft.stone":16}