{"stat.craftItem.minecraft.stone_shovel":1,"stat.walkOneCm":150096,"stat.craftItem.minecraft.bed":1,"stat.useItem.minecraft.torch":44,"stat.pickup.minecraft.bone":2,"stat.pickup.minecraft.stick":10,"stat.pickup.minecraft.gravel":2,"stat.pickup.minecraft.crafting_table":6,"stat.pickup.minecraft.clay_ball":88,"stat.pickup.minecraft.stone_pickaxe":1,"stat.craftItem.minecraft.crafting_table":1,"stat.pickup.minecraft.stone_axe":1,"stat.furnaceInteraction":7,"stat.mineBlock.minecraft.double_plant":3,"stat.mineBlock.minecraft.coal_ore":96,"stat.useItem.minecraft.porkchop":11,"stat.pickup.minecraft.log":205,"stat.swimOneCm":17000,"stat.jump":591,"stat.pickup.minecraft.coal":98,"stat.fallOneCm":7253,"stat.useItem.minecraft.stone_axe":36,"stat.pickup.minecraft.porkchop":23,"stat.pickup.minecraft.stone":6,"stat.crouchOneCm":3,"stat.craftItem.minecraft.torch":36,"stat.craftItem.minecraft.iron_ingot":28,"stat.pickup.minecraft.sapling":22,"stat.pickup.minecraft.dirt":128,"stat.useItem.minecraft.dirt":41,"stat.sprintOneCm":32963,"stat.useItem.minecraft.stone_slab2":11,"stat.craftItem.minecraft.stick":56,"stat.craftItem.minecraft.wooden_axe":2,"stat.craftingTableInteraction":11,"stat.pickup.minecraft.iron_ore":56,"stat.pickup.minecraft.sand":14,"stat.killEntity.Skeleton":2,"stat.pickup.minecraft.stone_shovel":1,"stat.craftItem.minecraft.furnace":2,"stat.mineBlock.minecraft.lapis_ore":4,"stat.craftItem.minecraft.planks":56,"stat.useItem.minecraft.iron_sword":10,"stat.craftItem.minecraft.stone_axe":1,"stat.pickup.minecraft.wooden_pickaxe":1,"stat.damageTaken":625,"stat.mineBlock.minecraft.crafting_table":5,"stat.killEntity.Spider":1,"stat.pickup.minecraft.stone_sword":1,"stat.craftItem.minecraft.stone_pickaxe":3,"stat.mineBlock.minecraft.torch":14,"stat.useItem.minecraft.wooden_pickaxe":31,"stat.useItem.minecraft.furnace":1,"stat.mobKills":24,"stat.pickup.minecraft.cobblestone":154,"stat.mineBlock.minecraft.log":106,"stat.pickup.minecraft.dye":24,"stat.mineBlock.minecraft.clay":11,"stat.pickup.minecraft.reeds":40,"stat.useItem.minecraft.stone_shovel":25,"stat.craftItem.minecraft.stone_sword":1,"stat.mineBlock.byg.angelica":1,"stat.flyOneCm":10950,"stat.pickup.minecraft.bed":1,"stat.deaths":1,"stat.pickup.minecraft.brown_mushroom":3,"stat.mineBlock.minecraft.leaves":2,"stat.pickup.minecraft.egg":3,"stat.mineBlock.minecraft.sand":8,"stat.playOneMinute":49506,"stat.entityKilledBy.Zombie":1,"stat.pickup.byg.angelica":3,"stat.pickup.minecraft.torch":46,"stat.mineBlock.minecraft.gravel":2,"stat.killEntity.Sheep":15,"stat.useItem.minecraft.stone_pickaxe":306,"stat.sneakTime":59,"stat.useItem.minecraft.stone_sword":65,"stat.pickup.minecraft.wool":30,"stat.damageDealt":2394,"stat.mineBlock.minecraft.iron_ore":53,"stat.timeSinceDeath":25403,"stat.useItem.minecraft.wooden_axe":22,"stat.mineBlock.minecraft.dirt":42,"stat.craftItem.minecraft.wooden_pickaxe":2,"stat.mineBlock.minecraft.stone":138,"stat.killEntity.Pig":6,"stat.mineBlock.minecraft.tallgrass":7,"stat.pickup.minecraft.mutton":42,"stat.diveOneCm":11628,"stat.craftItem.minecraft.iron_sword":1}