{"stat.chestOpened":6,"stat.pickup.minecraft.bone":3,"stat.pickup.minecraft.gravel":33,"stat.pickup.minecraft.stone_pickaxe":1,"stat.pickup.minecraft.stone_axe":1,"stat.pickup.minecraft.flint":2,"stat.useItem.minecraft.porkchop":14,"stat.pickup.byg.soapstone":10,"stat.useItem.minecraft.mutton":4,"stat.swimOneCm":42741,"stat.jump":971,"stat.pickup.minecraft.coal":173,"stat.fallOneCm":7691,"stat.useItem.minecraft.stone_axe":36,"stat.pickup.minecraft.porkchop":23,"stat.crouchOneCm":3,"stat.mineBlock.minecraft.chest":1,"stat.craftItem.minecraft.torch":120,"stat.craftItem.minecraft.iron_ingot":58,"stat.craftItem.minecraft.chest":8,"stat.pickup.byg.scoria":320,"stat.pickup.minecraft.dirt":136,"stat.useItem.minecraft.dirt":41,"stat.craftItem.minecraft.iron_helmet":1,"stat.useItem.minecraft.stone_slab2":21,"stat.pickup.minecraft.bow":1,"stat.craftingTableInteraction":30,"stat.pickup.minecraft.iron_ore":96,"stat.pickup.minecraft.sand":14,"stat.pickup.minecraft.stone_shovel":1,"stat.craftItem.minecraft.furnace":3,"stat.pickup.minecraft.gold_ore":7,"stat.mineBlock.minecraft.lapis_ore":10,"stat.useItem.byg.scoria":17,"stat.craftItem.minecraft.stone_axe":1,"stat.craftItem.minecraft.iron_boots":1,"stat.pickup.minecraft.wooden_pickaxe":1,"stat.damageTaken":788,"stat.craftItem.minecraft.stone_pickaxe":10,"stat.mineBlock.minecraft.torch":17,"stat.useItem.minecraft.wooden_pickaxe":31,"stat.useItem.minecraft.furnace":1,"stat.pickup.minecraft.cobblestone":408,"stat.pickup.minecraft.dye":61,"stat.mineBlock.minecraft.clay":11,"stat.pickup.minecraft.planks":5,"stat.pickup.minecraft.reeds":40,"stat.useItem.minecraft.stone_shovel":25,"stat.craftItem.minecraft.stone_sword":1,"stat.flyOneCm":11606,"stat.pickup.minecraft.bed":1,"stat.pickup.minecraft.brown_mushroom":3,"stat.mineBlock.minecraft.sand":8,"stat.mineBlock.byg.scoria":327,"stat.entityKilledBy.Zombie":1,"stat.pickup.byg.angelica":3,"stat.mineBlock.minecraft.gravel":35,"stat.useItem.minecraft.stone_pickaxe":933,"stat.useItem.minecraft.stone_sword":65,"stat.craftItem.minecraft.iron_leggings":1,"stat.damageDealt":2759,"stat.pickup.minecraft.redstone":120,"stat.mineBlock.minecraft.iron_ore":93,"stat.sleepInBed":1,"stat.timeSinceDeath":73403,"stat.mineBlock.minecraft.dirt":50,"stat.useItem.minecraft.iron_pickaxe":251,"stat.craftItem.minecraft.wooden_pickaxe":2,"stat.killEntity.Pig":6,"stat.pickup.minecraft.mutton":42,"stat.craftItem.minecraft.iron_sword":1,"stat.craftItem.minecraft.stone_shovel":1,"stat.walkOneCm":295573,"stat.craftItem.minecraft.bed":1,"stat.useItem.minecraft.torch":111,"stat.useItem.minecraft.chest":4,"stat.pickup.minecraft.stick":58,"stat.pickup.minecraft.crafting_table":6,"stat.pickup.minecraft.clay_ball":88,"stat.useItem.minecraft.cobblestone":18,"stat.craftItem.minecraft.crafting_table":2,"stat.furnaceInteraction":21,"stat.mineBlock.minecraft.double_plant":3,"stat.mineBlock.minecraft.coal_ore":136,"stat.pickup.minecraft.log":205,"stat.craftItem.minecraft.gold_ingot":7,"stat.pickup.minecraft.stone":80,"stat.craftItem.minecraft.iron_chestplate":1,"stat.pickup.minecraft.sapling":22,"stat.sprintOneCm":44064,"stat.craftItem.minecraft.stick":152,"stat.craftItem.minecraft.wooden_axe":2,"stat.killEntity.Skeleton":3,"stat.craftItem.minecraft.bucket":2,"stat.craftItem.minecraft.planks":168,"stat.useItem.minecraft.iron_sword":23,"stat.mineBlock.byg.soapstone":40,"stat.mineBlock.minecraft.diamond_ore":4,"stat.mineBlock.minecraft.crafting_table":5,"stat.killEntity.Spider":1,"stat.pickup.minecraft.stone_sword":1,"stat.mobKills":25,"stat.mineBlock.minecraft.log":106,"stat.mineBlock.byg.angelica":1,"stat.deaths":1,"stat.pickup.minecraft.diamond":4,"stat.pickup.minecraft.egg":3,"stat.mineBlock.minecraft.leaves":2,"stat.playOneMinute":97506,"stat.pickup.minecraft.torch":53,"stat.killEntity.Sheep":15,"stat.mineBlock.minecraft.redstone_ore":27,"stat.sneakTime":61,"stat.craftItem.minecraft.iron_pickaxe":1,"stat.pickup.minecraft.wool":30,"stat.useItem.minecraft.wooden_axe":22,"stat.mineBlock.minecraft.stone":485,"stat.mineBlock.minecraft.gold_ore":7,"stat.mineBlock.minecraft.tallgrass":7,"stat.diveOneCm":14704,"stat.pickup.minecraft.chest":1}