{"stat.craftItem.minecraft.stone_shovel":1,"stat.walkOneCm":65948,"stat.useItem.minecraft.torch":4,"stat.pickup.minecraft.stick":10,"stat.pickup.minecraft.crafting_table":4,"stat.pickup.minecraft.clay_ball":44,"stat.craftItem.minecraft.crafting_table":1,"stat.mineBlock.minecraft.double_plant":3,"stat.mineBlock.minecraft.coal_ore":17,"stat.useItem.minecraft.porkchop":5,"stat.pickup.minecraft.log":106,"stat.swimOneCm":8936,"stat.jump":314,"stat.pickup.minecraft.coal":17,"stat.fallOneCm":5773,"stat.useItem.minecraft.stone_axe":36,"stat.pickup.minecraft.porkchop":14,"stat.pickup.minecraft.stone":2,"stat.crouchOneCm":3,"stat.craftItem.minecraft.torch":36,"stat.pickup.minecraft.sapling":19,"stat.pickup.minecraft.dirt":78,"stat.useItem.minecraft.dirt":1,"stat.sprintOneCm":18284,"stat.useItem.minecraft.stone_slab2":5,"stat.craftItem.minecraft.stick":24,"stat.craftItem.minecraft.wooden_axe":2,"stat.craftingTableInteraction":6,"stat.pickup.minecraft.iron_ore":3,"stat.pickup.minecraft.sand":7,"stat.craftItem.minecraft.planks":28,"stat.craftItem.minecraft.stone_axe":1,"stat.damageTaken":345,"stat.mineBlock.minecraft.crafting_table":4,"stat.killEntity.Spider":1,"stat.craftItem.minecraft.stone_pickaxe":1,"stat.useItem.minecraft.wooden_pickaxe":31,"stat.mobKills":22,"stat.pickup.minecraft.cobblestone":28,"stat.mineBlock.minecraft.log":106,"stat.mineBlock.minecraft.clay":11,"stat.pickup.minecraft.reeds":20,"stat.useItem.minecraft.stone_shovel":25,"stat.craftItem.minecraft.stone_sword":1,"stat.mineBlock.byg.angelica":1,"stat.flyOneCm":6536,"stat.deaths":1,"stat.pickup.minecraft.brown_mushroom":1,"stat.mineBlock.minecraft.leaves":2,"stat.pickup.minecraft.egg":1,"stat.mineBlock.minecraft.sand":8,"stat.playOneMinute":25506,"stat.entityKilledBy.Zombie":1,"stat.pickup.byg.angelica":1,"stat.killEntity.Sheep":15,"stat.useItem.minecraft.stone_pickaxe":44,"stat.sneakTime":59,"stat.useItem.minecraft.stone_sword":53,"stat.pickup.minecraft.wool":15,"stat.damageDealt":1925,"stat.mineBlock.minecraft.iron_ore":3,"stat.timeSinceDeath":1403,"stat.useItem.minecraft.wooden_axe":22,"stat.mineBlock.minecraft.dirt":39,"stat.craftItem.minecraft.wooden_pickaxe":2,"stat.mineBlock.minecraft.stone":18,"stat.killEntity.Pig":6,"stat.mineBlock.minecraft.tallgrass":7,"stat.pickup.minecraft.mutton":21,"stat.diveOneCm":8632}