{"stat.pickup.minecraft.bone":6,"stat.leaveGame":1,"stat.mineBlock.minecraft.cobblestone":1,"stat.pickup.minecraft.stone_pickaxe":5,"stat.pickup.minecraft.flint":4,"stat.useItem.minecraft.mutton":10,"stat.swimOneCm":52641,"stat.useItem.minecraft.planks":7,"stat.pickup.minecraft.porkchop":23,"stat.useItem.minecraft.dirt":94,"stat.useItem.minecraft.stone_slab2":37,"stat.pickup.minecraft.bow":2,"stat.pickup.minecraft.iron_boots":1,"stat.useItem.minecraft.water_bucket":10,"stat.pickup.minecraft.rotten_flesh":2,"stat.pickup.minecraft.sand":21,"stat.craftItem.minecraft.furnace":5,"stat.craftItem.minecraft.stone_axe":1,"stat.craftItem.minecraft.iron_boots":1,"stat.craftItem.minecraft.stone_pickaxe":10,"stat.mineBlock.minecraft.obsidian":13,"stat.pickup.minecraft.cobblestone":523,"stat.mineBlock.minecraft.clay":11,"stat.useItem.minecraft.stone_shovel":68,"stat.craftItem.minecraft.stone_sword":1,"stat.flyOneCm":19376,"stat.pickup.minecraft.brown_mushroom":3,"stat.mineBlock.minecraft.sand":8,"stat.mineBlock.byg.scoria":426,"stat.pickup.minecraft.redstone":386,"stat.mineBlock.minecraft.iron_ore":131,"stat.timeSinceDeath":25385,"stat.useItem.minecraft.iron_pickaxe":251,"stat.craftItem.minecraft.wooden_pickaxe":2,"stat.pickup.minecraft.mutton":69,"stat.craftItem.minecraft.bed":1,"stat.furnaceInteraction":30,"stat.pickup.byg.whitesage":3,"stat.mineBlock.minecraft.coal_ore":138,"stat.craftItem.minecraft.stone_hoe":1,"stat.mineBlock.byg.wildstrawberry":6,"stat.pickup.minecraft.beef":9,"stat.sprintOneCm":104205,"stat.pickup.minecraft.iron_chestplate":1,"stat.craftItem.minecraft.stick":152,"stat.craftItem.minecraft.wooden_axe":2,"stat.mineBlock.byg.tamreliteore":8,"stat.mineBlock.byg.whitesage":1,"stat.mineBlock.minecraft.diamond_ore":8,"stat.mineBlock.minecraft.crafting_table":5,"stat.useItem.minecraft.diamond_pickaxe":45,"stat.entityKilledBy.Creeper":1,"stat.mineBlock.byg.angelica":1,"stat.deaths":2,"stat.pickup.minecraft.egg":3,"stat.playOneMinute":145986,"stat.killEntity.Sheep":27,"stat.craftItem.minecraft.iron_pickaxe":1,"stat.craftItem.minecraft.diamond_pickaxe":1,"stat.mineBlock.minecraft.gold_ore":7,"stat.mineBlock.minecraft.tallgrass":40,"stat.diveOneCm":19271,"stat.chestOpened":10,"stat.useItem.minecraft.stone":12,"stat.pickup.minecraft.gravel":42,"stat.pickup.minecraft.iron_sword":1,"stat.pickup.minecraft.stone_axe":2,"stat.pickup.minecraft.obsidian":24,"stat.useItem.minecraft.porkchop":14,"stat.pickup.byg.soapstone":11,"stat.jump":1504,"stat.useItem.minecraft.sand":5,"stat.pickup.byg.tamrelitegem":15,"stat.pickup.minecraft.coal":221,"stat.pickup.minecraft.iron_helmet":1,"stat.fallOneCm":11232,"stat.useItem.minecraft.stone_axe":71,"stat.crouchOneCm":3,"stat.mineBlock.minecraft.chest":2,"stat.craftItem.minecraft.torch":144,"stat.craftItem.minecraft.iron_ingot":87,"stat.craftItem.minecraft.chest":8,"stat.pickup.byg.scoria":441,"stat.pickup.minecraft.dirt":213,"stat.craftItem.minecraft.iron_helmet":1,"stat.craftingTableInteraction":40,"stat.pickup.minecraft.iron_ore":134,"stat.pickup.minecraft.stone_shovel":2,"stat.pickup.minecraft.gold_ore":7,"stat.mineBlock.minecraft.lapis_ore":13,"stat.useItem.byg.scoria":59,"stat.pickup.minecraft.wooden_pickaxe":1,"stat.damageTaken":963,"stat.pickup.minecraft.leather":3,"stat.mineBlock.minecraft.torch":17,"stat.useItem.minecraft.wooden_pickaxe":31,"stat.useItem.minecraft.furnace":2,"stat.useItem.minecraft.reeds":5,"stat.pickup.minecraft.dye":167,"stat.pickup.minecraft.planks":13,"stat.pickup.minecraft.reeds":60,"stat.pickup.minecraft.iron_leggings":1,"stat.pickup.minecraft.bed":1,"stat.pickup.minecraft.wheat_seeds":7,"stat.entityKilledBy.Zombie":1,"stat.pickup.byg.angelica":4,"stat.mineBlock.minecraft.gravel":35,"stat.useItem.minecraft.stone_pickaxe":1170,"stat.useItem.minecraft.stone_sword":84,"stat.craftItem.minecraft.iron_leggings":1,"stat.damageDealt":4336,"stat.sleepInBed":1,"stat.killEntity.Cow":4,"stat.mineBlock.minecraft.dirt":110,"stat.killEntity.Pig":6,"stat.craftItem.minecraft.iron_sword":1,"stat.craftItem.minecraft.stone_shovel":1,"stat.walkOneCm":482887,"stat.useItem.minecraft.torch":163,"stat.useItem.minecraft.chest":4,"stat.pickup.minecraft.stick":120,"stat.pickup.minecraft.diamond_pickaxe":1,"stat.pickup.minecraft.crafting_table":6,"stat.pickup.minecraft.clay_ball":132,"stat.useItem.minecraft.cobblestone":42,"stat.pickup.byg.strawberry":12,"stat.craftItem.minecraft.crafting_table":4,"stat.useItem.minecraft.gravel":27,"stat.mineBlock.minecraft.double_plant":7,"stat.pickup.minecraft.log":270,"stat.craftItem.minecraft.gold_ingot":7,"stat.pickup.minecraft.stone":82,"stat.craftItem.minecraft.iron_chestplate":1,"stat.pickup.minecraft.sapling":35,"stat.killEntity.Skeleton":4,"stat.craftItem.minecraft.bucket":3,"stat.craftItem.minecraft.planks":236,"stat.useItem.minecraft.iron_sword":74,"stat.mineBlock.byg.soapstone":43,"stat.killEntity.Spider":1,"stat.pickup.minecraft.stone_sword":2,"stat.mobKills":43,"stat.mineBlock.minecraft.log":172,"stat.useItem.minecraft.stone_hoe":19,"stat.pickup.minecraft.water_bucket":2,"stat.useItem.minecraft.spruce_door":2,"stat.pickup.minecraft.diamond":12,"stat.mineBlock.minecraft.leaves":3,"stat.craftItem.minecraft.paper":15,"stat.pickup.minecraft.torch":57,"stat.mineBlock.minecraft.redstone_ore":33,"stat.sneakTime":61,"stat.pickup.minecraft.wool":42,"stat.pickup.minecraft.lava_bucket":1,"stat.useItem.minecraft.wooden_axe":22,"stat.mineBlock.minecraft.stone":569,"stat.pickup.minecraft.chest":8,"stat.craftItem.minecraft.spruce_door":3}