{"stat.pickup.minecraft.bone":6,"stat.useItem.byg.scoria_bricks":12,"stat.leaveGame":1,"stat.mineBlock.minecraft.cobblestone":1,"stat.pickup.minecraft.stone_pickaxe":5,"stat.pickup.minecraft.flint":5,"stat.useItem.minecraft.mutton":20,"stat.swimOneCm":54358,"stat.useItem.minecraft.planks":7,"stat.craftItem.minecraft.shield":2,"stat.pickup.minecraft.glowstone_dust":23,"stat.pickup.minecraft.porkchop":23,"stat.useItem.minecraft.obsidian":10,"stat.useItem.minecraft.dirt":136,"stat.useItem.minecraft.stone_slab2":64,"stat.pickup.minecraft.bow":2,"stat.pickup.minecraft.iron_boots":1,"stat.useItem.minecraft.water_bucket":13,"stat.pickup.minecraft.rotten_flesh":2,"stat.pickup.minecraft.sand":67,"stat.craftItem.minecraft.furnace":5,"stat.craftItem.minecraft.stone_axe":1,"stat.craftItem.minecraft.iron_boots":1,"stat.craftItem.minecraft.stone_pickaxe":16,"stat.mineBlock.minecraft.obsidian":17,"stat.mineBlock.minecraft.magma":48,"stat.pickup.minecraft.cobblestone":685,"stat.mineBlock.minecraft.clay":11,"stat.useItem.minecraft.stone_shovel":135,"stat.craftItem.minecraft.stone_sword":1,"stat.flyOneCm":21870,"stat.pickup.minecraft.brown_mushroom":3,"stat.mineBlock.minecraft.sand":55,"stat.mineBlock.byg.scoria":721,"stat.pickup.minecraft.redstone":411,"stat.mineBlock.minecraft.iron_ore":136,"stat.craftItem.minecraft.book":1,"stat.timeSinceDeath":115385,"stat.useItem.minecraft.iron_pickaxe":387,"stat.craftItem.minecraft.wooden_pickaxe":2,"stat.pickup.minecraft.mutton":73,"stat.craftItem.minecraft.bed":1,"stat.furnaceInteraction":32,"stat.pickup.byg.whitesage":3,"stat.mineBlock.minecraft.coal_ore":138,"stat.craftItem.byg.tamrelitesword":1,"stat.craftItem.minecraft.stone_hoe":1,"stat.mineBlock.byg.wildstrawberry":6,"stat.pickup.minecraft.beef":9,"stat.sprintOneCm":129836,"stat.pickup.minecraft.iron_chestplate":1,"stat.craftItem.minecraft.stick":160,"stat.craftItem.minecraft.wooden_axe":2,"stat.mineBlock.byg.tamreliteore":8,"stat.mineBlock.byg.whitesage":1,"stat.mineBlock.minecraft.diamond_ore":8,"stat.useItem.minecraft.flint_and_steel":1,"stat.useItem.betteranimalsplus.pheasant_egg":1,"stat.useItem.minecraft.wheat_seeds":40,"stat.mineBlock.minecraft.crafting_table":5,"stat.useItem.minecraft.diamond_pickaxe":709,"stat.entityKilledBy.Creeper":1,"stat.mineBlock.byg.angelica":1,"stat.deaths":2,"stat.pickup.minecraft.egg":3,"stat.playOneMinute":235986,"stat.killEntity.Sheep":29,"stat.craftItem.minecraft.iron_pickaxe":2,"stat.craftItem.minecraft.diamond_pickaxe":1,"stat.mineBlock.minecraft.gold_ore":15,"stat.mineBlock.minecraft.tallgrass":134,"stat.pickup.minecraft.netherrack":801,"stat.diveOneCm":19271,"stat.pickup.minecraft.wheat":8,"stat.chestOpened":47,"stat.killEntity.betteranimalsplus.goose":2,"stat.useItem.minecraft.stone":16,"stat.mineBlock.minecraft.netherrack":953,"stat.pickup.minecraft.gravel":50,"stat.pickup.minecraft.iron_sword":1,"stat.pickup.minecraft.stone_axe":2,"stat.pickup.minecraft.obsidian":28,"stat.useItem.minecraft.porkchop":14,"stat.craftItem.minecraft.quartz_block":5,"stat.useItem.byg.soapstone":9,"stat.pickup.byg.soapstone":158,"stat.jump":1917,"stat.useItem.minecraft.sand":5,"stat.pickup.byg.tamrelitegem":15,"stat.pickup.minecraft.coal":236,"stat.pickup.minecraft.iron_helmet":1,"stat.fallOneCm":13003,"stat.useItem.minecraft.stone_axe":71,"stat.craftItem.minecraft.bread":2,"stat.crouchOneCm":7,"stat.mineBlock.minecraft.chest":2,"stat.craftItem.minecraft.torch":160,"stat.craftItem.minecraft.iron_ingot":115,"stat.craftItem.minecraft.chest":12,"stat.pickup.byg.scoria":717,"stat.pickup.minecraft.dirt":265,"stat.craftItem.minecraft.iron_helmet":1,"stat.craftingTableInteraction":66,"stat.pickup.minecraft.iron_ore":139,"stat.pickup.minecraft.stone_shovel":2,"stat.pickup.minecraft.gold_ore":15,"stat.useItem.minecraft.sapling":3,"stat.mineBlock.minecraft.lapis_ore":13,"stat.craftItem.minecraft.flint_and_steel":1,"stat.useItem.byg.scoria":122,"stat.pickup.minecraft.wooden_pickaxe":1,"stat.damageTaken":1158,"stat.pickup.minecraft.leather":3,"stat.mineBlock.minecraft.torch":17,"stat.useItem.minecraft.wooden_pickaxe":31,"stat.useItem.minecraft.furnace":2,"stat.useItem.minecraft.reeds":5,"stat.mineBlock.minecraft.sapling":2,"stat.pickup.minecraft.dye":167,"stat.pickup.minecraft.planks":13,"stat.pickup.minecraft.reeds":66,"stat.pickup.minecraft.iron_leggings":1,"stat.pickup.minecraft.bed":1,"stat.pickup.minecraft.wheat_seeds":47,"stat.pickup.minecraft.quartz_block":5,"stat.entityKilledBy.Zombie":1,"stat.pickup.byg.angelica":4,"stat.mineBlock.minecraft.gravel":45,"stat.useItem.minecraft.stone_pickaxe":2114,"stat.craftItem.byg.scoria_bricks":128,"stat.useItem.minecraft.stone_sword":84,"stat.craftItem.minecraft.iron_leggings":1,"stat.damageDealt":4637,"stat.sleepInBed":2,"stat.killEntity.Cow":4,"stat.mineBlock.minecraft.dirt":164,"stat.useItem.minecraft.crafting_table":4,"stat.killEntity.Pig":6,"stat.craftItem.minecraft.iron_sword":1,"stat.craftItem.minecraft.stone_shovel":1,"stat.walkOneCm":802815,"stat.useItem.minecraft.torch":178,"stat.useItem.minecraft.bread":1,"stat.useItem.minecraft.chest":6,"stat.pickup.minecraft.stick":120,"stat.pickup.minecraft.diamond_pickaxe":1,"stat.pickup.minecraft.crafting_table":6,"stat.useItem.minecraft.log":2,"stat.pickup.minecraft.clay_ball":132,"stat.useItem.minecraft.cobblestone":43,"stat.pickup.byg.strawberry":12,"stat.pickup.minecraft.magma":48,"stat.craftItem.minecraft.crafting_table":9,"stat.useItem.minecraft.gravel":27,"stat.mineBlock.minecraft.double_plant":20,"stat.useItem.minecraft.lava_bucket":1,"stat.pickup.minecraft.log":331,"stat.pickup.betteranimalsplus.pheasant_egg":1,"stat.craftItem.minecraft.gold_ingot":7,"stat.pickup.minecraft.stone":97,"stat.craftItem.minecraft.iron_chestplate":1,"stat.pickup.minecraft.sapling":37,"stat.useItem.minecraft.netherrack":44,"stat.killEntity.Skeleton":4,"stat.craftItem.minecraft.bucket":3,"stat.craftItem.minecraft.planks":308,"stat.useItem.minecraft.iron_sword":202,"stat.mineBlock.byg.soapstone":190,"stat.itemEnchanted":5,"stat.killEntity.Spider":1,"stat.pickup.minecraft.stone_sword":2,"stat.mineBlock.minecraft.quartz_ore":76,"stat.mineBlock.minecraft.glowstone":9,"stat.mobKills":47,"stat.mineBlock.minecraft.log":172,"stat.pickup.minecraft.quartz":72,"stat.useItem.minecraft.stone_hoe":46,"stat.pickup.minecraft.water_bucket":2,"stat.useItem.minecraft.spruce_door":2,"stat.pickup.minecraft.diamond":12,"stat.mineBlock.minecraft.leaves":3,"stat.craftItem.minecraft.paper":15,"stat.pickup.minecraft.torch":58,"stat.mineBlock.minecraft.redstone_ore":39,"stat.sneakTime":69,"stat.pickup.minecraft.wool":44,"stat.pickup.minecraft.lava_bucket":1,"stat.useItem.minecraft.wooden_axe":22,"stat.mineBlock.minecraft.stone":748,"stat.pickup.minecraft.chest":8,"stat.craftItem.minecraft.spruce_door":3,"stat.craftItem.minecraft.enchanting_table":1}