{"stat.walkOneCm":26077,"stat.craftItem.minecraft.planks":28,"stat.pickup.minecraft.crafting_table":1,"stat.damageTaken":100,"stat.mineBlock.minecraft.crafting_table":1,"stat.craftItem.minecraft.crafting_table":1,"stat.useItem.minecraft.wooden_pickaxe":11,"stat.mobKills":4,"stat.pickup.minecraft.cobblestone":6,"stat.mineBlock.minecraft.log":91,"stat.pickup.minecraft.reeds":15,"stat.pickup.minecraft.log":91,"stat.flyOneCm":2330,"stat.pickup.minecraft.brown_mushroom":1,"stat.jump":123,"stat.mineBlock.minecraft.leaves":2,"stat.playOneMinute":13506,"stat.fallOneCm":2743,"stat.killEntity.Sheep":4,"stat.sneakTime":36,"stat.pickup.minecraft.wool":4,"stat.damageDealt":319,"stat.crouchOneCm":3,"stat.timeSinceDeath":13506,"stat.useItem.minecraft.wooden_axe":22,"stat.pickup.minecraft.sapling":17,"stat.pickup.minecraft.dirt":1,"stat.mineBlock.minecraft.dirt":1,"stat.sprintOneCm":6349,"stat.useItem.minecraft.stone_slab2":2,"stat.craftItem.minecraft.wooden_pickaxe":2,"stat.mineBlock.minecraft.stone":8,"stat.mineBlock.minecraft.tallgrass":2,"stat.pickup.minecraft.mutton":6,"stat.craftItem.minecraft.stick":24,"stat.craftItem.minecraft.wooden_axe":2,"stat.craftingTableInteraction":1}