{"stat.pickup.minecraft.bone":6,"stat.useItem.minecraft.quartz_block":10,"stat.useItem.byg.scoria_bricks":12,"stat.leaveGame":1,"stat.mineBlock.minecraft.cobblestone":1,"stat.pickup.minecraft.stone_pickaxe":5,"stat.pickup.minecraft.flint":5,"stat.useItem.minecraft.glowstone":4,"stat.useItem.minecraft.mutton":21,"stat.swimOneCm":54358,"stat.useItem.minecraft.planks":7,"stat.craftItem.minecraft.shield":2,"stat.pickup.minecraft.glowstone_dust":23,"stat.pickup.minecraft.porkchop":23,"stat.useItem.minecraft.obsidian":10,"stat.useItem.minecraft.dirt":136,"stat.useItem.minecraft.stone_slab2":76,"stat.pickup.minecraft.bow":2,"stat.pickup.minecraft.iron_boots":1,"stat.useItem.minecraft.water_bucket":13,"stat.pickup.minecraft.rotten_flesh":2,"stat.pickup.minecraft.sand":67,"stat.craftItem.minecraft.furnace":7,"stat.craftItem.minecraft.stone_axe":2,"stat.craftItem.minecraft.iron_boots":1,"stat.craftItem.minecraft.stone_pickaxe":24,"stat.mineBlock.minecraft.obsidian":17,"stat.mineBlock.minecraft.magma":51,"stat.pickup.minecraft.cobblestone":739,"stat.mineBlock.minecraft.clay":11,"stat.useItem.minecraft.stone_shovel":135,"stat.craftItem.minecraft.stone_sword":1,"stat.flyOneCm":24213,"stat.pickup.minecraft.soul_sand":98,"stat.pickup.minecraft.brown_mushroom":3,"stat.mineBlock.minecraft.sand":55,"stat.mineBlock.byg.scoria":738,"stat.drop.minecraft.gold_ingot":1,"stat.pickup.minecraft.redstone":411,"stat.mineBlock.minecraft.iron_ore":163,"stat.craftItem.minecraft.book":3,"stat.timeSinceDeath":199385,"stat.useItem.minecraft.iron_pickaxe":802,"stat.craftItem.minecraft.wooden_pickaxe":2,"stat.pickup.minecraft.mutton":73,"stat.craftItem.minecraft.iron_block":3,"stat.craftItem.minecraft.bed":1,"stat.furnaceInteraction":74,"stat.pickup.byg.whitesage":3,"stat.mineBlock.minecraft.coal_ore":150,"stat.craftItem.byg.tamrelitesword":1,"stat.craftItem.minecraft.stone_hoe":1,"stat.mineBlock.byg.wildstrawberry":6,"stat.pickup.minecraft.beef":9,"stat.sprintOneCm":168208,"stat.pickup.minecraft.iron_chestplate":1,"stat.craftItem.minecraft.stick":208,"stat.craftItem.minecraft.wooden_axe":2,"stat.mineBlock.byg.tamreliteore":13,"stat.mineBlock.byg.whitesage":1,"stat.mineBlock.minecraft.diamond_ore":8,"stat.useItem.minecraft.flint_and_steel":1,"stat.useItem.betteranimalsplus.pheasant_egg":1,"stat.useItem.minecraft.wheat_seeds":44,"stat.mineBlock.minecraft.crafting_table":5,"stat.useItem.minecraft.diamond_pickaxe":1346,"stat.mineBlock.minecraft.quartz_block":1,"stat.mineBlock.minecraft.soul_sand":98,"stat.entityKilledBy.Creeper":1,"stat.mineBlock.byg.angelica":1,"stat.deaths":2,"stat.drop":1,"stat.pickup.minecraft.egg":3,"stat.playOneMinute":319986,"stat.killEntity.Sheep":29,"stat.craftItem.minecraft.iron_pickaxe":3,"stat.craftItem.minecraft.diamond_pickaxe":1,"stat.mineBlock.minecraft.gold_ore":22,"stat.mineBlock.minecraft.tallgrass":134,"stat.pickup.minecraft.netherrack":1831,"stat.diveOneCm":19271,"stat.pickup.minecraft.wheat":13,"stat.chestOpened":71,"stat.killEntity.betteranimalsplus.goose":2,"stat.useItem.minecraft.stone":16,"stat.mineBlock.minecraft.netherrack":2019,"stat.pickup.minecraft.gravel":50,"stat.pickup.minecraft.iron_sword":1,"stat.pickup.minecraft.stone_axe":2,"stat.pickup.minecraft.obsidian":28,"stat.useItem.minecraft.porkchop":14,"stat.craftItem.minecraft.quartz_block":21,"stat.useItem.byg.soapstone":28,"stat.pickup.byg.soapstone":491,"stat.jump":2488,"stat.useItem.minecraft.sand":5,"stat.pickup.byg.tamrelitegem":20,"stat.pickup.minecraft.coal":248,"stat.pickup.minecraft.iron_helmet":1,"stat.fallOneCm":14973,"stat.pickup.minecraft.iron_ingot":7,"stat.useItem.minecraft.stone_axe":71,"stat.craftItem.minecraft.bread":4,"stat.crouchOneCm":7,"stat.mineBlock.minecraft.chest":2,"stat.craftItem.minecraft.torch":240,"stat.craftItem.minecraft.iron_ingot":115,"stat.craftItem.minecraft.chest":12,"stat.pickup.byg.scoria":728,"stat.pickup.minecraft.dirt":287,"stat.craftItem.minecraft.iron_helmet":1,"stat.craftingTableInteraction":97,"stat.pickup.minecraft.iron_ore":166,"stat.pickup.minecraft.stone_shovel":2,"stat.pickup.minecraft.gold_ore":22,"stat.useItem.minecraft.sapling":3,"stat.mineBlock.minecraft.lapis_ore":15,"stat.craftItem.minecraft.flint_and_steel":1,"stat.useItem.byg.scoria":122,"stat.pickup.minecraft.wooden_pickaxe":1,"stat.damageTaken":1208,"stat.pickup.minecraft.leather":3,"stat.useItem.byg.strawberry":2,"stat.mineBlock.minecraft.torch":26,"stat.useItem.minecraft.wooden_pickaxe":31,"stat.useItem.minecraft.furnace":3,"stat.useItem.minecraft.reeds":5,"stat.mineBlock.minecraft.sapling":2,"stat.craftItem.minecraft.nether_brick":35,"stat.pickup.minecraft.dye":182,"stat.craftItem.minecraft.glowstone":5,"stat.pickup.minecraft.planks":13,"stat.pickup.minecraft.reeds":75,"stat.pickup.minecraft.iron_leggings":1,"stat.pickup.minecraft.bed":1,"stat.craftItem.minecraft.netherbrick":390,"stat.pickup.minecraft.wheat_seeds":55,"stat.pickup.minecraft.quartz_block":13,"stat.useItem.minecraft.magma":2,"stat.entityKilledBy.Zombie":1,"stat.pickup.byg.angelica":4,"stat.mineBlock.minecraft.gravel":45,"stat.useItem.minecraft.stone_pickaxe":2797,"stat.craftItem.byg.scoria_bricks":128,"stat.useItem.minecraft.stone_sword":89,"stat.craftItem.minecraft.iron_leggings":1,"stat.damageDealt":4657,"stat.sleepInBed":2,"stat.craftItem.minecraft.anvil":1,"stat.killEntity.Cow":4,"stat.mineBlock.minecraft.dirt":186,"stat.useItem.minecraft.crafting_table":4,"stat.killEntity.Pig":6,"stat.craftItem.minecraft.iron_sword":1,"stat.craftItem.minecraft.stone_shovel":2,"stat.walkOneCm":1107924,"stat.useItem.minecraft.torch":198,"stat.useItem.minecraft.bread":3,"stat.useItem.minecraft.chest":6,"stat.pickup.minecraft.stick":120,"stat.pickup.minecraft.diamond_pickaxe":1,"stat.pickup.minecraft.crafting_table":6,"stat.useItem.minecraft.log":2,"stat.pickup.minecraft.clay_ball":132,"stat.useItem.minecraft.cobblestone":47,"stat.pickup.byg.strawberry":12,"stat.pickup.minecraft.magma":51,"stat.craftItem.minecraft.crafting_table":9,"stat.useItem.minecraft.gravel":27,"stat.mineBlock.minecraft.double_plant":20,"stat.useItem.minecraft.lava_bucket":1,"stat.killEntity.LavaSlime":2,"stat.pickup.minecraft.log":331,"stat.pickup.betteranimalsplus.pheasant_egg":1,"stat.craftItem.minecraft.gold_ingot":15,"stat.pickup.minecraft.stone":101,"stat.craftItem.minecraft.iron_chestplate":1,"stat.pickup.minecraft.sapling":37,"stat.useItem.minecraft.netherrack":248,"stat.pickup.minecraft.gold_ingot":1,"stat.killEntity.Skeleton":4,"stat.craftItem.minecraft.bucket":3,"stat.craftItem.minecraft.planks":332,"stat.useItem.minecraft.iron_sword":204,"stat.mineBlock.byg.soapstone":530,"stat.itemEnchanted":7,"stat.pickup.minecraft.netherbrick":12,"stat.killEntity.Spider":1,"stat.pickup.minecraft.stone_sword":2,"stat.mineBlock.minecraft.quartz_ore":157,"stat.mineBlock.minecraft.glowstone":9,"stat.mobKills":49,"stat.mineBlock.minecraft.log":172,"stat.pickup.minecraft.quartz":153,"stat.useItem.minecraft.stone_hoe":46,"stat.pickup.minecraft.water_bucket":2,"stat.useItem.minecraft.spruce_door":2,"stat.pickup.minecraft.diamond":12,"stat.mineBlock.minecraft.leaves":3,"stat.craftItem.minecraft.paper":15,"stat.pickup.minecraft.torch":67,"stat.mineBlock.minecraft.redstone_ore":39,"stat.sneakTime":69,"stat.pickup.minecraft.wool":44,"stat.pickup.minecraft.lava_bucket":1,"stat.useItem.minecraft.wooden_axe":22,"stat.mineBlock.minecraft.stone":806,"stat.pickup.minecraft.chest":8,"stat.craftItem.minecraft.spruce_door":3,"stat.craftItem.minecraft.enchanting_table":1}