{"stat.pickup.minecraft.bone":7,"stat.useItem.minecraft.quartz_block":12,"stat.useItem.byg.scoria_bricks":12,"stat.leaveGame":1,"stat.mineBlock.minecraft.cobblestone":1,"stat.pickup.minecraft.stone_pickaxe":23,"stat.pickup.minecraft.flint":5,"stat.killEntity.betteranimalsplus.goat":2,"stat.useItem.minecraft.glowstone":4,"stat.useItem.minecraft.mutton":22,"stat.killEntity.PigZombie":1,"stat.swimOneCm":57506,"stat.useItem.minecraft.planks":7,"stat.craftItem.minecraft.shield":2,"stat.pickup.minecraft.glowstone_dust":23,"stat.pickup.minecraft.porkchop":25,"stat.useItem.minecraft.obsidian":10,"stat.useItem.minecraft.dirt":160,"stat.killEntity.betteranimalsplus.boar":1,"stat.useItem.minecraft.stone_slab2":81,"stat.pickup.minecraft.bow":3,"stat.pickup.minecraft.iron_boots":1,"stat.useItem.minecraft.water_bucket":13,"stat.pickup.minecraft.rotten_flesh":7,"stat.pickup.minecraft.sand":67,"stat.craftItem.minecraft.furnace":7,"stat.craftItem.minecraft.stone_axe":2,"stat.craftItem.minecraft.iron_boots":1,"stat.craftItem.minecraft.stone_pickaxe":31,"stat.mineBlock.minecraft.obsidian":17,"stat.mineBlock.minecraft.magma":51,"stat.pickup.minecraft.cobblestone":926,"stat.pickup.byg.salal_berry":12,"stat.mineBlock.minecraft.clay":11,"stat.useItem.minecraft.stone_shovel":135,"stat.craftItem.minecraft.stone_sword":2,"stat.flyOneCm":48087,"stat.pickup.minecraft.soul_sand":98,"stat.pickup.minecraft.brown_mushroom":3,"stat.mineBlock.minecraft.sand":55,"stat.mineBlock.byg.scoria":793,"stat.drop.minecraft.gold_ingot":1,"stat.pickup.minecraft.redstone":477,"stat.mineBlock.minecraft.iron_ore":211,"stat.craftItem.minecraft.book":3,"stat.timeSinceDeath":9781,"stat.useItem.minecraft.iron_pickaxe":923,"stat.craftItem.minecraft.wooden_pickaxe":2,"stat.pickup.minecraft.mutton":75,"stat.craftItem.minecraft.iron_block":3,"stat.craftItem.minecraft.bed":1,"stat.furnaceInteraction":89,"stat.pickup.byg.whitesage":3,"stat.mineBlock.minecraft.coal_ore":161,"stat.craftItem.byg.tamrelitesword":1,"stat.pickup.minecraft.shield":3,"stat.craftItem.minecraft.stone_hoe":1,"stat.pickup.minecraft.string":6,"stat.mineBlock.byg.wildstrawberry":7,"stat.pickup.minecraft.beef":15,"stat.entityKilledBy.Skeleton":1,"stat.sprintOneCm":302417,"stat.pickup.minecraft.iron_chestplate":1,"stat.killEntity.betteranimalsplus.pheasant":2,"stat.craftItem.minecraft.stick":208,"stat.craftItem.minecraft.wooden_axe":2,"stat.mineBlock.byg.tamreliteore":13,"stat.mineBlock.byg.whitesage":1,"stat.mineBlock.minecraft.diamond_ore":16,"stat.useItem.minecraft.flint_and_steel":1,"stat.useItem.betteranimalsplus.pheasant_egg":1,"stat.useItem.minecraft.wheat_seeds":72,"stat.mineBlock.minecraft.crafting_table":5,"stat.useItem.minecraft.diamond_pickaxe":1366,"stat.mineBlock.minecraft.quartz_block":1,"stat.mineBlock.minecraft.soul_sand":98,"stat.entityKilledBy.Creeper":1,"stat.useItem.minecraft.beef":9,"stat.mineBlock.byg.angelica":1,"stat.deaths":7,"stat.drop":2,"stat.pickup.minecraft.egg":3,"stat.playOneMinute":397986,"stat.killEntity.Sheep":29,"stat.craftItem.minecraft.iron_pickaxe":4,"stat.craftItem.minecraft.diamond_pickaxe":1,"stat.killEntity.Zombie":1,"stat.mineBlock.minecraft.gold_ore":22,"stat.mineBlock.minecraft.tallgrass":141,"stat.pickup.minecraft.netherrack":1831,"stat.diveOneCm":20148,"stat.pickup.minecraft.wheat":35,"stat.chestOpened":126,"stat.killEntity.betteranimalsplus.goose":2,"stat.useItem.minecraft.stone":48,"stat.mineBlock.minecraft.netherrack":2019,"stat.pickup.minecraft.gravel":51,"stat.pickup.minecraft.iron_sword":4,"stat.pickup.minecraft.stone_axe":2,"stat.pickup.minecraft.obsidian":28,"stat.useItem.minecraft.porkchop":14,"stat.craftItem.minecraft.quartz_block":21,"stat.useItem.byg.soapstone":51,"stat.drop.minecraft.iron_pickaxe":1,"stat.useItem.minecraft.rotten_flesh":2,"stat.pickup.byg.soapstone":548,"stat.jump":3801,"stat.useItem.minecraft.sand":5,"stat.pickup.byg.tamrelitegem":20,"stat.pickup.minecraft.coal":259,"stat.pickup.minecraft.iron_helmet":1,"stat.fallOneCm":27151,"stat.pickup.minecraft.iron_ingot":7,"stat.useItem.minecraft.stone_axe":71,"stat.craftItem.minecraft.bread":11,"stat.crouchOneCm":38,"stat.mineBlock.minecraft.chest":2,"stat.pickup.minecraft.spider_eye":3,"stat.craftItem.minecraft.torch":240,"stat.craftItem.minecraft.iron_ingot":144,"stat.craftItem.minecraft.chest":13,"stat.pickup.byg.scoria":783,"stat.pickup.minecraft.dirt":354,"stat.craftItem.minecraft.iron_helmet":1,"stat.craftingTableInteraction":118,"stat.pickup.minecraft.iron_ore":223,"stat.pickup.minecraft.stone_shovel":2,"stat.pickup.minecraft.gold_ore":27,"stat.useItem.minecraft.sapling":3,"stat.mineBlock.minecraft.lapis_ore":19,"stat.craftItem.minecraft.flint_and_steel":1,"stat.useItem.byg.scoria":122,"stat.pickup.minecraft.wooden_pickaxe":1,"stat.damageTaken":2901,"stat.pickup.minecraft.leather":13,"stat.mineBlock.byg.strawberrybushstage0":4,"stat.useItem.byg.strawberry":2,"stat.mineBlock.byg.strawberrybush":24,"stat.mineBlock.byg.strawberrybushstage1":3,"stat.mineBlock.minecraft.torch":30,"stat.useItem.minecraft.wooden_pickaxe":31,"stat.useItem.minecraft.furnace":3,"stat.useItem.minecraft.reeds":5,"stat.mineBlock.minecraft.sapling":2,"stat.craftItem.minecraft.nether_brick":35,"stat.pickup.minecraft.dye":206,"stat.craftItem.minecraft.glowstone":5,"stat.pickup.minecraft.planks":13,"stat.pickup.minecraft.reeds":75,"stat.pickup.minecraft.iron_leggings":1,"stat.entityKilledBy.ZombieVillager":1,"stat.pickup.minecraft.bed":1,"stat.craftItem.minecraft.netherbrick":390,"stat.pickup.minecraft.wheat_seeds":101,"stat.pickup.minecraft.quartz_block":13,"stat.useItem.minecraft.magma":2,"stat.entityKilledBy.Zombie":3,"stat.pickup.byg.angelica":4,"stat.mineBlock.minecraft.gravel":46,"stat.useItem.minecraft.stone_pickaxe":3099,"stat.craftItem.byg.scoria_bricks":128,"stat.useItem.minecraft.stone_sword":140,"stat.craftItem.minecraft.iron_leggings":1,"stat.damageDealt":6525,"stat.sleepInBed":2,"stat.craftItem.minecraft.anvil":1,"stat.killEntity.Cow":4,"stat.mineBlock.minecraft.dirt":202,"stat.useItem.minecraft.crafting_table":4,"stat.killEntity.Pig":6,"stat.craftItem.minecraft.iron_sword":2,"stat.craftItem.minecraft.stone_shovel":2,"stat.walkOneCm":1431413,"stat.useItem.minecraft.torch":216,"stat.useItem.minecraft.bread":7,"stat.useItem.minecraft.chest":6,"stat.pickup.minecraft.stick":120,"stat.pickup.minecraft.diamond_pickaxe":1,"stat.pickup.minecraft.crafting_table":6,"stat.useItem.minecraft.log":2,"stat.pickup.minecraft.clay_ball":132,"stat.useItem.minecraft.cobblestone":53,"stat.pickup.byg.strawberry":64,"stat.pickup.minecraft.magma":51,"stat.craftItem.minecraft.crafting_table":9,"stat.useItem.minecraft.gravel":27,"stat.mineBlock.minecraft.double_plant":20,"stat.useItem.minecraft.lava_bucket":1,"stat.killEntity.LavaSlime":2,"stat.pickup.minecraft.log":331,"stat.pickup.betteranimalsplus.pheasant_egg":3,"stat.pickup.minecraft.iron_pickaxe":1,"stat.craftItem.minecraft.gold_ingot":22,"stat.pickup.minecraft.stone":162,"stat.craftItem.minecraft.iron_chestplate":1,"stat.mineBlock.byg.salal_bush_ripe":3,"stat.pickup.betteranimalsplus.pheasantraw":12,"stat.pickup.minecraft.sapling":37,"stat.useItem.minecraft.netherrack":248,"stat.pickup.minecraft.gold_ingot":1,"stat.killEntity.Skeleton":5,"stat.craftItem.minecraft.bucket":3,"stat.craftItem.minecraft.planks":480,"stat.useItem.minecraft.iron_sword":244,"stat.mineBlock.byg.soapstone":583,"stat.itemEnchanted":7,"stat.pickup.minecraft.netherbrick":12,"stat.killEntity.Spider":2,"stat.pickup.minecraft.stone_sword":5,"stat.mineBlock.minecraft.quartz_ore":157,"stat.craftItem.minecraft.fishing_rod":1,"stat.mineBlock.minecraft.glowstone":9,"stat.mobKills":59,"stat.mineBlock.minecraft.log":172,"stat.pickup.minecraft.quartz":153,"stat.useItem.minecraft.stone_hoe":46,"stat.pickup.minecraft.water_bucket":3,"stat.useItem.minecraft.spruce_door":2,"stat.pickup.minecraft.diamond":20,"stat.mineBlock.minecraft.leaves":4,"stat.craftItem.minecraft.paper":15,"stat.pickup.minecraft.torch":100,"stat.mineBlock.minecraft.redstone_ore":54,"stat.sneakTime":139,"stat.pickup.minecraft.wool":44,"stat.pickup.minecraft.lava_bucket":1,"stat.killEntity.betteranimalsplus.badger":1,"stat.useItem.minecraft.wooden_axe":22,"stat.mineBlock.minecraft.stone":1036,"stat.pickup.minecraft.chest":8,"stat.craftItem.minecraft.spruce_door":3,"stat.craftItem.minecraft.enchanting_table":1}