{"stat.useItem.minecraft.quartz_block":12,"stat.useItem.byg.scoria_bricks":12,"stat.leaveGame":7,"stat.killEntity.betteranimalsplus.goat":2,"stat.useItem.minecraft.glowstone":4,"stat.useItem.minecraft.mutton":36,"stat.killEntity.PigZombie":1,"stat.useItem.minecraft.planks":7,"stat.craftItem.minecraft.shield":2,"stat.craftItem.betteranimalsplus.eel_meat_cooked":2,"stat.pickup.minecraft.glowstone_dust":23,"stat.pickup.minecraft.porkchop":25,"stat.pickup.minecraft.glass":35,"stat.useItem.minecraft.water_bucket":24,"stat.pickup.minecraft.rotten_flesh":7,"stat.pickup.minecraft.sand":67,"stat.craftItem.minecraft.stone_axe":2,"stat.pickup.byg.salal_berry":12,"stat.craftItem.minecraft.stone_sword":2,"stat.pickup.minecraft.brown_mushroom":3,"stat.mineBlock.minecraft.sand":55,"stat.mineBlock.byg.scoria":1002,"stat.pickup.betteranimalsplus.eel_meat_raw":2,"stat.drop.minecraft.gold_ingot":1,"stat.useItem.minecraft.iron_pickaxe":1136,"stat.craftItem.minecraft.wooden_pickaxe":2,"stat.craftItem.minecraft.bed":1,"stat.furnaceInteraction":95,"stat.pickup.byg.whitesage":3,"stat.mineBlock.byg.wildstrawberry":7,"stat.pickup.minecraft.beef":15,"stat.pickup.minecraft.iron_chestplate":1,"stat.mineBlock.byg.whitesage":1,"stat.useItem.minecraft.flint_and_steel":1,"stat.useItem.minecraft.wheat_seeds":94,"stat.mineBlock.minecraft.soul_sand":98,"stat.useItem.minecraft.beef":9,"stat.mineBlock.byg.angelica":1,"stat.deaths":9,"stat.pickup.minecraft.egg":3,"stat.playOneMinute":454619,"stat.craftItem.minecraft.iron_pickaxe":4,"stat.mineBlock.minecraft.tallgrass":145,"stat.pickup.minecraft.netherrack":1831,"stat.fishCaught":3,"stat.chestOpened":149,"stat.killEntity.betteranimalsplus.goose":2,"stat.useItem.minecraft.stone":57,"stat.mineBlock.minecraft.netherrack":2019,"stat.pickup.minecraft.iron_sword":5,"stat.craftItem.minecraft.quartz_block":21,"stat.drop.minecraft.iron_pickaxe":1,"stat.pickup.byg.tamrelitegem":33,"stat.fallOneCm":29009,"stat.crouchOneCm":85,"stat.mineBlock.minecraft.chest":2,"stat.craftItem.minecraft.iron_ingot":144,"stat.craftItem.minecraft.chest":13,"stat.craftingTableInteraction":123,"stat.pickup.minecraft.wooden_pickaxe":1,"stat.mineBlock.byg.strawberrybushstage0":4,"stat.useItem.byg.strawberry":3,"stat.mineBlock.byg.strawberrybushstage1":4,"stat.useItem.minecraft.furnace":3,"stat.useItem.minecraft.reeds":5,"stat.craftItem.minecraft.nether_brick":35,"stat.pickup.minecraft.dye":243,"stat.pickup.minecraft.planks":13,"stat.pickup.minecraft.iron_leggings":1,"stat.pickup.minecraft.wheat_seeds":144,"stat.pickup.byg.angelica":4,"stat.mineBlock.minecraft.gravel":70,"stat.useItem.minecraft.stone_pickaxe":3438,"stat.craftItem.byg.scoria_bricks":128,"stat.useItem.minecraft.stone_sword":155,"stat.craftItem.minecraft.iron_leggings":1,"stat.mineBlock.minecraft.dirt":211,"stat.useItem.minecraft.torch":236,"stat.useItem.minecraft.bread":7,"stat.pickup.minecraft.crafting_table":6,"stat.useItem.minecraft.log":2,"stat.useItem.minecraft.cobblestone":89,"stat.pickup.byg.strawberry":88,"stat.pickup.minecraft.magma":51,"stat.craftItem.minecraft.crafting_table":9,"stat.useItem.minecraft.gravel":27,"stat.mineBlock.minecraft.double_plant":20,"stat.killEntity.LavaSlime":2,"stat.pickup.minecraft.log":331,"stat.pickup.minecraft.iron_pickaxe":2,"stat.craftItem.minecraft.gold_ingot":27,"stat.pickup.minecraft.sapling":37,"stat.craftItem.minecraft.bucket":3,"stat.craftItem.minecraft.planks":480,"stat.useItem.minecraft.iron_sword":273,"stat.itemEnchanted":7,"stat.pickup.minecraft.stone_sword":6,"stat.craftItem.minecraft.fishing_rod":1,"stat.mineBlock.minecraft.log":172,"stat.useItem.minecraft.stone_hoe":46,"stat.useItem.minecraft.spruce_door":2,"stat.craftItem.minecraft.paper":15,"stat.sneakTime":229,"stat.pickup.minecraft.wool":44,"stat.killEntity.betteranimalsplus.badger":3,"stat.useItem.minecraft.wooden_axe":22,"stat.useItem.minecraft.fishing_rod":8,"stat.pickup.minecraft.chest":8,"stat.craftItem.minecraft.spruce_door":3,"stat.craftItem.minecraft.enchanting_table":1,"stat.pickup.minecraft.bone":8,"stat.mineBlock.minecraft.cobblestone":7,"stat.pickup.minecraft.stone_pickaxe":26,"stat.pickup.minecraft.flint":8,"stat.entityKilledBy.Witch":1,"stat.swimOneCm":63896,"stat.useItem.minecraft.obsidian":10,"stat.useItem.minecraft.dirt":160,"stat.killEntity.betteranimalsplus.boar":1,"stat.useItem.minecraft.stone_slab2":87,"stat.pickup.minecraft.bow":3,"stat.pickup.minecraft.iron_boots":1,"stat.craftItem.minecraft.furnace":7,"stat.craftItem.minecraft.iron_boots":1,"stat.craftItem.minecraft.stone_pickaxe":31,"stat.mineBlock.minecraft.obsidian":17,"stat.mineBlock.minecraft.magma":51,"stat.pickup.minecraft.cobblestone":1266,"stat.mineBlock.minecraft.clay":11,"stat.useItem.minecraft.stone_shovel":135,"stat.flyOneCm":53695,"stat.pickup.minecraft.soul_sand":98,"stat.pickup.minecraft.fish":6,"stat.pickup.minecraft.redstone":703,"stat.mineBlock.minecraft.iron_ore":245,"stat.craftItem.minecraft.book":3,"stat.timeSinceDeath":1709,"stat.pickup.minecraft.mutton":85,"stat.craftItem.minecraft.iron_block":3,"stat.useItem.minecraft.cooked_porkchop":1,"stat.mineBlock.minecraft.coal_ore":200,"stat.craftItem.byg.tamrelitesword":1,"stat.pickup.minecraft.shield":4,"stat.craftItem.minecraft.stone_hoe":1,"stat.pickup.minecraft.string":6,"stat.entityKilledBy.Skeleton":2,"stat.killEntity.Squid":2,"stat.sprintOneCm":361271,"stat.killEntity.betteranimalsplus.pheasant":2,"stat.craftItem.minecraft.stick":208,"stat.craftItem.minecraft.wooden_axe":2,"stat.mineBlock.byg.tamreliteore":23,"stat.mineBlock.minecraft.diamond_ore":16,"stat.useItem.betteranimalsplus.pheasant_egg":2,"stat.mineBlock.minecraft.crafting_table":5,"stat.useItem.minecraft.diamond_pickaxe":1456,"stat.mineBlock.minecraft.quartz_block":1,"stat.entityKilledBy.Creeper":1,"stat.drop":2,"stat.killEntity.Sheep":29,"stat.craftItem.minecraft.diamond_pickaxe":2,"stat.killEntity.Zombie":1,"stat.mineBlock.minecraft.gold_ore":28,"stat.diveOneCm":29830,"stat.pickup.minecraft.wheat":55,"stat.pickup.minecraft.gravel":93,"stat.craftItem.minecraft.cooked_porkchop":1,"stat.pickup.minecraft.stone_axe":2,"stat.pickup.minecraft.obsidian":28,"stat.useItem.minecraft.porkchop":14,"stat.useItem.byg.soapstone":84,"stat.useItem.minecraft.rotten_flesh":2,"stat.useItem.byg.salal_berry":4,"stat.pickup.byg.soapstone":608,"stat.jump":4117,"stat.useItem.minecraft.sand":5,"stat.pickup.minecraft.coal":298,"stat.pickup.minecraft.iron_helmet":1,"stat.pickup.minecraft.iron_ingot":7,"stat.useItem.minecraft.stone_axe":71,"stat.craftItem.minecraft.bread":11,"stat.pickup.minecraft.spider_eye":3,"stat.craftItem.minecraft.torch":256,"stat.pickup.byg.scoria":1192,"stat.pickup.minecraft.dirt":360,"stat.craftItem.minecraft.iron_helmet":1,"stat.pickup.minecraft.iron_ore":272,"stat.pickup.minecraft.stone_shovel":2,"stat.pickup.minecraft.gold_ore":39,"stat.useItem.minecraft.sapling":3,"stat.mineBlock.minecraft.lapis_ore":24,"stat.craftItem.minecraft.flint_and_steel":1,"stat.useItem.byg.scoria":122,"stat.damageTaken":3651,"stat.pickup.minecraft.leather":13,"stat.mineBlock.byg.strawberrybush":36,"stat.mineBlock.minecraft.torch":32,"stat.useItem.minecraft.wooden_pickaxe":31,"stat.mineBlock.minecraft.sapling":2,"stat.craftItem.minecraft.glowstone":5,"stat.pickup.minecraft.reeds":75,"stat.entityKilledBy.ZombieVillager":1,"stat.pickup.minecraft.bed":1,"stat.craftItem.minecraft.netherbrick":390,"stat.pickup.minecraft.quartz_block":13,"stat.useItem.minecraft.magma":2,"stat.entityKilledBy.Zombie":3,"stat.damageDealt":7423,"stat.craftItem.minecraft.glass":35,"stat.sleepInBed":2,"stat.craftItem.minecraft.anvil":1,"stat.killEntity.Cow":4,"stat.useItem.minecraft.crafting_table":4,"stat.killEntity.Pig":6,"stat.craftItem.minecraft.iron_sword":2,"stat.craftItem.minecraft.stone_shovel":2,"stat.walkOneCm":1623133,"stat.useItem.minecraft.chest":6,"stat.pickup.minecraft.stick":137,"stat.pickup.minecraft.diamond_pickaxe":2,"stat.pickup.minecraft.clay_ball":132,"stat.useItem.minecraft.lava_bucket":1,"stat.pickup.betteranimalsplus.pheasant_egg":3,"stat.pickup.minecraft.stone":199,"stat.craftItem.minecraft.iron_chestplate":1,"stat.mineBlock.byg.salal_bush_ripe":3,"stat.pickup.betteranimalsplus.pheasantraw":12,"stat.craftItem.minecraft.hay_block":2,"stat.useItem.minecraft.netherrack":248,"stat.pickup.minecraft.gold_ingot":1,"stat.killEntity.Skeleton":6,"stat.mineBlock.byg.soapstone":631,"stat.pickup.minecraft.netherbrick":12,"stat.killEntity.Spider":2,"stat.mineBlock.minecraft.quartz_ore":157,"stat.mineBlock.minecraft.glowstone":9,"stat.mobKills":64,"stat.pickup.minecraft.quartz":153,"stat.pickup.minecraft.water_bucket":4,"stat.pickup.minecraft.diamond":20,"stat.mineBlock.minecraft.leaves":4,"stat.pickup.minecraft.torch":111,"stat.mineBlock.minecraft.redstone_ore":82,"stat.pickup.minecraft.lava_bucket":1,"stat.mineBlock.minecraft.stone":1260}