{"stat.chestOpened":6,"stat.pickup.minecraft.bone":3,"stat.useItem.minecraft.stone":12,"stat.pickup.minecraft.gravel":42,"stat.leaveGame":1,"stat.pickup.minecraft.stone_pickaxe":1,"stat.pickup.minecraft.stone_axe":1,"stat.pickup.minecraft.flint":2,"stat.useItem.minecraft.porkchop":14,"stat.pickup.byg.soapstone":11,"stat.useItem.minecraft.mutton":6,"stat.swimOneCm":48729,"stat.jump":1051,"stat.pickup.minecraft.coal":173,"stat.fallOneCm":8643,"stat.useItem.minecraft.planks":7,"stat.useItem.minecraft.stone_axe":36,"stat.pickup.minecraft.porkchop":23,"stat.crouchOneCm":3,"stat.mineBlock.minecraft.chest":2,"stat.craftItem.minecraft.torch":120,"stat.craftItem.minecraft.iron_ingot":61,"stat.craftItem.minecraft.chest":8,"stat.pickup.byg.scoria":328,"stat.pickup.minecraft.dirt":136,"stat.useItem.minecraft.dirt":41,"stat.craftItem.minecraft.iron_helmet":1,"stat.useItem.minecraft.stone_slab2":26,"stat.pickup.minecraft.bow":1,"stat.craftingTableInteraction":35,"stat.pickup.minecraft.iron_ore":112,"stat.pickup.minecraft.sand":14,"stat.pickup.minecraft.stone_shovel":1,"stat.craftItem.minecraft.furnace":5,"stat.pickup.minecraft.gold_ore":7,"stat.mineBlock.minecraft.lapis_ore":10,"stat.useItem.byg.scoria":37,"stat.craftItem.minecraft.stone_axe":1,"stat.craftItem.minecraft.iron_boots":1,"stat.pickup.minecraft.wooden_pickaxe":1,"stat.damageTaken":788,"stat.craftItem.minecraft.stone_pickaxe":10,"stat.mineBlock.minecraft.torch":17,"stat.useItem.minecraft.wooden_pickaxe":31,"stat.useItem.minecraft.furnace":2,"stat.pickup.minecraft.cobblestone":419,"stat.pickup.minecraft.dye":61,"stat.mineBlock.minecraft.clay":11,"stat.pickup.minecraft.planks":13,"stat.pickup.minecraft.reeds":40,"stat.useItem.minecraft.stone_shovel":25,"stat.craftItem.minecraft.stone_sword":1,"stat.flyOneCm":12069,"stat.pickup.minecraft.bed":1,"stat.pickup.minecraft.brown_mushroom":3,"stat.mineBlock.minecraft.sand":8,"stat.mineBlock.byg.scoria":335,"stat.entityKilledBy.Zombie":1,"stat.pickup.byg.angelica":3,"stat.mineBlock.minecraft.gravel":35,"stat.useItem.minecraft.stone_pickaxe":970,"stat.useItem.minecraft.stone_sword":65,"stat.craftItem.minecraft.iron_leggings":1,"stat.damageDealt":2919,"stat.pickup.minecraft.redstone":120,"stat.mineBlock.minecraft.iron_ore":109,"stat.sleepInBed":1,"stat.timeSinceDeath":81978,"stat.mineBlock.minecraft.dirt":50,"stat.useItem.minecraft.iron_pickaxe":251,"stat.craftItem.minecraft.wooden_pickaxe":2,"stat.killEntity.Pig":6,"stat.pickup.minecraft.mutton":42,"stat.craftItem.minecraft.iron_sword":1,"stat.craftItem.minecraft.stone_shovel":1,"stat.walkOneCm":315831,"stat.craftItem.minecraft.bed":1,"stat.useItem.minecraft.torch":139,"stat.useItem.minecraft.chest":4,"stat.pickup.minecraft.stick":58,"stat.pickup.minecraft.crafting_table":6,"stat.pickup.minecraft.clay_ball":88,"stat.useItem.minecraft.cobblestone":18,"stat.craftItem.minecraft.crafting_table":3,"stat.furnaceInteraction":25,"stat.useItem.minecraft.gravel":27,"stat.mineBlock.minecraft.double_plant":3,"stat.mineBlock.minecraft.coal_ore":136,"stat.pickup.minecraft.log":205,"stat.craftItem.minecraft.gold_ingot":7,"stat.pickup.minecraft.stone":80,"stat.craftItem.minecraft.iron_chestplate":1,"stat.pickup.minecraft.sapling":22,"stat.sprintOneCm":48127,"stat.craftItem.minecraft.stick":152,"stat.craftItem.minecraft.wooden_axe":2,"stat.killEntity.Skeleton":4,"stat.craftItem.minecraft.bucket":3,"stat.craftItem.minecraft.planks":180,"stat.useItem.minecraft.iron_sword":28,"stat.mineBlock.byg.soapstone":41,"stat.mineBlock.minecraft.diamond_ore":4,"stat.mineBlock.minecraft.crafting_table":5,"stat.killEntity.Spider":1,"stat.pickup.minecraft.stone_sword":1,"stat.mobKills":26,"stat.mineBlock.minecraft.log":106,"stat.mineBlock.byg.angelica":1,"stat.deaths":1,"stat.pickup.minecraft.diamond":4,"stat.pickup.minecraft.egg":3,"stat.mineBlock.minecraft.leaves":2,"stat.playOneMinute":106081,"stat.pickup.minecraft.torch":53,"stat.killEntity.Sheep":15,"stat.mineBlock.minecraft.redstone_ore":27,"stat.sneakTime":61,"stat.craftItem.minecraft.iron_pickaxe":1,"stat.pickup.minecraft.wool":30,"stat.useItem.minecraft.wooden_axe":22,"stat.mineBlock.minecraft.stone":496,"stat.mineBlock.minecraft.gold_ore":7,"stat.mineBlock.minecraft.tallgrass":7,"stat.diveOneCm":14704,"stat.pickup.minecraft.chest":2}