{"stat.craftItem.minecraft.stone_shovel":1,"stat.walkOneCm":119109,"stat.useItem.minecraft.torch":26,"stat.pickup.minecraft.bone":2,"stat.pickup.minecraft.stick":10,"stat.pickup.minecraft.crafting_table":6,"stat.pickup.minecraft.clay_ball":88,"stat.pickup.minecraft.stone_pickaxe":1,"stat.craftItem.minecraft.crafting_table":1,"stat.pickup.minecraft.stone_axe":1,"stat.mineBlock.minecraft.double_plant":3,"stat.mineBlock.minecraft.coal_ore":79,"stat.useItem.minecraft.porkchop":5,"stat.pickup.minecraft.log":205,"stat.swimOneCm":13347,"stat.jump":484,"stat.pickup.minecraft.coal":87,"stat.fallOneCm":7253,"stat.useItem.minecraft.stone_axe":36,"stat.pickup.minecraft.porkchop":23,"stat.pickup.minecraft.stone":4,"stat.crouchOneCm":3,"stat.craftItem.minecraft.torch":36,"stat.pickup.minecraft.sapling":22,"stat.pickup.minecraft.dirt":128,"stat.useItem.minecraft.dirt":24,"stat.sprintOneCm":29678,"stat.useItem.minecraft.stone_slab2":8,"stat.craftItem.minecraft.stick":56,"stat.craftItem.minecraft.wooden_axe":2,"stat.craftingTableInteraction":7,"stat.pickup.minecraft.iron_ore":33,"stat.pickup.minecraft.sand":14,"stat.killEntity.Skeleton":1,"stat.pickup.minecraft.stone_shovel":1,"stat.craftItem.minecraft.planks":44,"stat.craftItem.minecraft.stone_axe":1,"stat.pickup.minecraft.wooden_pickaxe":1,"stat.damageTaken":515,"stat.mineBlock.minecraft.crafting_table":5,"stat.killEntity.Spider":1,"stat.pickup.minecraft.stone_sword":1,"stat.craftItem.minecraft.stone_pickaxe":3,"stat.mineBlock.minecraft.torch":9,"stat.useItem.minecraft.wooden_pickaxe":31,"stat.mobKills":23,"stat.pickup.minecraft.cobblestone":52,"stat.mineBlock.minecraft.log":106,"stat.mineBlock.minecraft.clay":11,"stat.pickup.minecraft.reeds":40,"stat.useItem.minecraft.stone_shovel":25,"stat.craftItem.minecraft.stone_sword":1,"stat.mineBlock.byg.angelica":1,"stat.flyOneCm":10097,"stat.deaths":1,"stat.pickup.minecraft.brown_mushroom":2,"stat.mineBlock.minecraft.leaves":2,"stat.pickup.minecraft.egg":2,"stat.mineBlock.minecraft.sand":8,"stat.playOneMinute":37506,"stat.entityKilledBy.Zombie":1,"stat.pickup.byg.angelica":2,"stat.pickup.minecraft.torch":41,"stat.killEntity.Sheep":15,"stat.useItem.minecraft.stone_pickaxe":150,"stat.sneakTime":59,"stat.useItem.minecraft.stone_sword":65,"stat.pickup.minecraft.wool":30,"stat.damageDealt":2116,"stat.mineBlock.minecraft.iron_ore":30,"stat.timeSinceDeath":13403,"stat.useItem.minecraft.wooden_axe":22,"stat.mineBlock.minecraft.dirt":40,"stat.craftItem.minecraft.wooden_pickaxe":2,"stat.mineBlock.minecraft.stone":30,"stat.killEntity.Pig":6,"stat.mineBlock.minecraft.tallgrass":7,"stat.pickup.minecraft.mutton":42,"stat.diveOneCm":11628}