{"stat.pickup.minecraft.bone":6,"stat.leaveGame":1,"stat.mineBlock.minecraft.cobblestone":1,"stat.pickup.minecraft.stone_pickaxe":5,"stat.pickup.minecraft.flint":4,"stat.useItem.minecraft.mutton":10,"stat.swimOneCm":53274,"stat.useItem.minecraft.planks":7,"stat.pickup.minecraft.porkchop":23,"stat.useItem.minecraft.dirt":105,"stat.useItem.minecraft.stone_slab2":40,"stat.pickup.minecraft.bow":2,"stat.pickup.minecraft.iron_boots":1,"stat.useItem.minecraft.water_bucket":10,"stat.pickup.minecraft.rotten_flesh":2,"stat.pickup.minecraft.sand":67,"stat.craftItem.minecraft.furnace":5,"stat.craftItem.minecraft.stone_axe":1,"stat.craftItem.minecraft.iron_boots":1,"stat.craftItem.minecraft.stone_pickaxe":10,"stat.mineBlock.minecraft.obsidian":13,"stat.pickup.minecraft.cobblestone":548,"stat.mineBlock.minecraft.clay":11,"stat.useItem.minecraft.stone_shovel":115,"stat.craftItem.minecraft.stone_sword":1,"stat.flyOneCm":20593,"stat.pickup.minecraft.brown_mushroom":3,"stat.mineBlock.minecraft.sand":55,"stat.mineBlock.byg.scoria":514,"stat.pickup.minecraft.redstone":386,"stat.mineBlock.minecraft.iron_ore":136,"stat.timeSinceDeath":37385,"stat.useItem.minecraft.iron_pickaxe":251,"stat.craftItem.minecraft.wooden_pickaxe":2,"stat.pickup.minecraft.mutton":73,"stat.craftItem.minecraft.bed":1,"stat.furnaceInteraction":30,"stat.pickup.byg.whitesage":3,"stat.mineBlock.minecraft.coal_ore":138,"stat.craftItem.minecraft.stone_hoe":1,"stat.mineBlock.byg.wildstrawberry":6,"stat.pickup.minecraft.beef":9,"stat.sprintOneCm":109623,"stat.pickup.minecraft.iron_chestplate":1,"stat.craftItem.minecraft.stick":152,"stat.craftItem.minecraft.wooden_axe":2,"stat.mineBlock.byg.tamreliteore":8,"stat.mineBlock.byg.whitesage":1,"stat.mineBlock.minecraft.diamond_ore":8,"stat.useItem.minecraft.wheat_seeds":25,"stat.mineBlock.minecraft.crafting_table":5,"stat.useItem.minecraft.diamond_pickaxe":45,"stat.entityKilledBy.Creeper":1,"stat.mineBlock.byg.angelica":1,"stat.deaths":2,"stat.pickup.minecraft.egg":3,"stat.playOneMinute":157986,"stat.killEntity.Sheep":29,"stat.craftItem.minecraft.iron_pickaxe":1,"stat.craftItem.minecraft.diamond_pickaxe":1,"stat.mineBlock.minecraft.gold_ore":7,"stat.mineBlock.minecraft.tallgrass":134,"stat.diveOneCm":19271,"stat.chestOpened":12,"stat.killEntity.betteranimalsplus.goose":2,"stat.useItem.minecraft.stone":12,"stat.pickup.minecraft.gravel":42,"stat.pickup.minecraft.iron_sword":1,"stat.pickup.minecraft.stone_axe":2,"stat.pickup.minecraft.obsidian":24,"stat.useItem.minecraft.porkchop":14,"stat.pickup.byg.soapstone":18,"stat.jump":1578,"stat.useItem.minecraft.sand":5,"stat.pickup.byg.tamrelitegem":15,"stat.pickup.minecraft.coal":236,"stat.pickup.minecraft.iron_helmet":1,"stat.fallOneCm":11836,"stat.useItem.minecraft.stone_axe":71,"stat.crouchOneCm":7,"stat.mineBlock.minecraft.chest":2,"stat.craftItem.minecraft.torch":160,"stat.craftItem.minecraft.iron_ingot":87,"stat.craftItem.minecraft.chest":8,"stat.pickup.byg.scoria":524,"stat.pickup.minecraft.dirt":218,"stat.craftItem.minecraft.iron_helmet":1,"stat.craftingTableInteraction":43,"stat.pickup.minecraft.iron_ore":139,"stat.pickup.minecraft.stone_shovel":2,"stat.pickup.minecraft.gold_ore":7,"stat.mineBlock.minecraft.lapis_ore":13,"stat.useItem.byg.scoria":60,"stat.pickup.minecraft.wooden_pickaxe":1,"stat.damageTaken":995,"stat.pickup.minecraft.leather":3,"stat.mineBlock.minecraft.torch":17,"stat.useItem.minecraft.wooden_pickaxe":31,"stat.useItem.minecraft.furnace":2,"stat.useItem.minecraft.reeds":5,"stat.pickup.minecraft.dye":167,"stat.pickup.minecraft.planks":13,"stat.pickup.minecraft.reeds":66,"stat.pickup.minecraft.iron_leggings":1,"stat.pickup.minecraft.bed":1,"stat.pickup.minecraft.wheat_seeds":31,"stat.entityKilledBy.Zombie":1,"stat.pickup.byg.angelica":4,"stat.mineBlock.minecraft.gravel":35,"stat.useItem.minecraft.stone_pickaxe":1303,"stat.useItem.minecraft.stone_sword":84,"stat.craftItem.minecraft.iron_leggings":1,"stat.damageDealt":4637,"stat.sleepInBed":1,"stat.killEntity.Cow":4,"stat.mineBlock.minecraft.dirt":117,"stat.killEntity.Pig":6,"stat.craftItem.minecraft.iron_sword":1,"stat.craftItem.minecraft.stone_shovel":1,"stat.walkOneCm":561315,"stat.useItem.minecraft.torch":173,"stat.useItem.minecraft.chest":4,"stat.pickup.minecraft.stick":120,"stat.pickup.minecraft.diamond_pickaxe":1,"stat.pickup.minecraft.crafting_table":6,"stat.useItem.minecraft.log":2,"stat.pickup.minecraft.clay_ball":132,"stat.useItem.minecraft.cobblestone":42,"stat.pickup.byg.strawberry":12,"stat.craftItem.minecraft.crafting_table":4,"stat.useItem.minecraft.gravel":27,"stat.mineBlock.minecraft.double_plant":20,"stat.pickup.minecraft.log":270,"stat.pickup.betteranimalsplus.pheasant_egg":1,"stat.craftItem.minecraft.gold_ingot":7,"stat.pickup.minecraft.stone":82,"stat.craftItem.minecraft.iron_chestplate":1,"stat.pickup.minecraft.sapling":35,"stat.killEntity.Skeleton":4,"stat.craftItem.minecraft.bucket":3,"stat.craftItem.minecraft.planks":236,"stat.useItem.minecraft.iron_sword":198,"stat.mineBlock.byg.soapstone":50,"stat.killEntity.Spider":1,"stat.pickup.minecraft.stone_sword":2,"stat.mobKills":47,"stat.mineBlock.minecraft.log":172,"stat.useItem.minecraft.stone_hoe":19,"stat.pickup.minecraft.water_bucket":2,"stat.useItem.minecraft.spruce_door":2,"stat.pickup.minecraft.diamond":12,"stat.mineBlock.minecraft.leaves":3,"stat.craftItem.minecraft.paper":15,"stat.pickup.minecraft.torch":57,"stat.mineBlock.minecraft.redstone_ore":33,"stat.sneakTime":66,"stat.pickup.minecraft.wool":44,"stat.pickup.minecraft.lava_bucket":1,"stat.useItem.minecraft.wooden_axe":22,"stat.mineBlock.minecraft.stone":595,"stat.pickup.minecraft.chest":8,"stat.craftItem.minecraft.spruce_door":3}