{"stat.chestOpened":6,"stat.pickup.minecraft.bone":2,"stat.pickup.minecraft.gravel":2,"stat.pickup.minecraft.stone_pickaxe":1,"stat.pickup.minecraft.stone_axe":1,"stat.useItem.minecraft.porkchop":11,"stat.swimOneCm":38573,"stat.jump":894,"stat.pickup.minecraft.coal":172,"stat.fallOneCm":7253,"stat.useItem.minecraft.stone_axe":36,"stat.pickup.minecraft.porkchop":23,"stat.crouchOneCm":3,"stat.craftItem.minecraft.torch":120,"stat.craftItem.minecraft.iron_ingot":58,"stat.craftItem.minecraft.chest":8,"stat.pickup.byg.scoria":276,"stat.pickup.minecraft.dirt":133,"stat.useItem.minecraft.dirt":41,"stat.craftItem.minecraft.iron_helmet":1,"stat.useItem.minecraft.stone_slab2":20,"stat.craftingTableInteraction":28,"stat.pickup.minecraft.iron_ore":77,"stat.pickup.minecraft.sand":14,"stat.pickup.minecraft.stone_shovel":1,"stat.craftItem.minecraft.furnace":3,"stat.pickup.minecraft.gold_ore":7,"stat.mineBlock.minecraft.lapis_ore":6,"stat.useItem.byg.scoria":17,"stat.craftItem.minecraft.stone_axe":1,"stat.craftItem.minecraft.iron_boots":1,"stat.pickup.minecraft.wooden_pickaxe":1,"stat.damageTaken":635,"stat.craftItem.minecraft.stone_pickaxe":6,"stat.mineBlock.minecraft.torch":15,"stat.useItem.minecraft.wooden_pickaxe":31,"stat.useItem.minecraft.furnace":1,"stat.pickup.minecraft.cobblestone":368,"stat.pickup.minecraft.dye":37,"stat.mineBlock.minecraft.clay":11,"stat.pickup.minecraft.planks":5,"stat.pickup.minecraft.reeds":40,"stat.useItem.minecraft.stone_shovel":25,"stat.craftItem.minecraft.stone_sword":1,"stat.flyOneCm":11085,"stat.pickup.minecraft.bed":1,"stat.pickup.minecraft.brown_mushroom":3,"stat.mineBlock.minecraft.sand":8,"stat.mineBlock.byg.scoria":271,"stat.entityKilledBy.Zombie":1,"stat.pickup.byg.angelica":3,"stat.mineBlock.minecraft.gravel":2,"stat.useItem.minecraft.stone_pickaxe":732,"stat.useItem.minecraft.stone_sword":65,"stat.craftItem.minecraft.iron_leggings":1,"stat.damageDealt":2394,"stat.pickup.minecraft.redstone":120,"stat.mineBlock.minecraft.iron_ore":76,"stat.sleepInBed":1,"stat.timeSinceDeath":61403,"stat.mineBlock.minecraft.dirt":47,"stat.useItem.minecraft.iron_pickaxe":251,"stat.craftItem.minecraft.wooden_pickaxe":2,"stat.killEntity.Pig":6,"stat.pickup.minecraft.mutton":42,"stat.craftItem.minecraft.iron_sword":1,"stat.craftItem.minecraft.stone_shovel":1,"stat.walkOneCm":245413,"stat.craftItem.minecraft.bed":1,"stat.useItem.minecraft.torch":96,"stat.useItem.minecraft.chest":2,"stat.pickup.minecraft.stick":58,"stat.pickup.minecraft.crafting_table":6,"stat.pickup.minecraft.clay_ball":88,"stat.useItem.minecraft.cobblestone":17,"stat.craftItem.minecraft.crafting_table":2,"stat.furnaceInteraction":19,"stat.mineBlock.minecraft.double_plant":3,"stat.mineBlock.minecraft.coal_ore":135,"stat.pickup.minecraft.log":205,"stat.craftItem.minecraft.gold_ingot":7,"stat.pickup.minecraft.stone":57,"stat.craftItem.minecraft.iron_chestplate":1,"stat.pickup.minecraft.sapling":22,"stat.sprintOneCm":40811,"stat.craftItem.minecraft.stick":152,"stat.craftItem.minecraft.wooden_axe":2,"stat.killEntity.Skeleton":2,"stat.craftItem.minecraft.bucket":2,"stat.craftItem.minecraft.planks":168,"stat.useItem.minecraft.iron_sword":10,"stat.mineBlock.byg.soapstone":21,"stat.mineBlock.minecraft.diamond_ore":4,"stat.mineBlock.minecraft.crafting_table":5,"stat.killEntity.Spider":1,"stat.pickup.minecraft.stone_sword":1,"stat.mobKills":24,"stat.mineBlock.minecraft.log":106,"stat.mineBlock.byg.angelica":1,"stat.deaths":1,"stat.pickup.minecraft.diamond":4,"stat.pickup.minecraft.egg":3,"stat.mineBlock.minecraft.leaves":2,"stat.playOneMinute":85506,"stat.pickup.minecraft.torch":51,"stat.killEntity.Sheep":15,"stat.mineBlock.minecraft.redstone_ore":27,"stat.sneakTime":61,"stat.craftItem.minecraft.iron_pickaxe":1,"stat.pickup.minecraft.wool":30,"stat.useItem.minecraft.wooden_axe":22,"stat.mineBlock.minecraft.stone":418,"stat.mineBlock.minecraft.gold_ore":7,"stat.mineBlock.minecraft.tallgrass":7,"stat.diveOneCm":14704}