{"stat.pickup.minecraft.bone":2,"stat.pickup.minecraft.gravel":2,"stat.pickup.minecraft.stone_pickaxe":1,"stat.pickup.minecraft.stone_axe":1,"stat.useItem.minecraft.porkchop":11,"stat.swimOneCm":17000,"stat.jump":710,"stat.pickup.minecraft.coal":103,"stat.fallOneCm":7253,"stat.useItem.minecraft.stone_axe":36,"stat.pickup.minecraft.porkchop":23,"stat.crouchOneCm":3,"stat.craftItem.minecraft.torch":56,"stat.craftItem.minecraft.iron_ingot":47,"stat.pickup.byg.scoria":110,"stat.pickup.minecraft.dirt":128,"stat.useItem.minecraft.dirt":41,"stat.craftItem.minecraft.iron_helmet":1,"stat.useItem.minecraft.stone_slab2":12,"stat.craftingTableInteraction":18,"stat.pickup.minecraft.iron_ore":61,"stat.pickup.minecraft.sand":14,"stat.pickup.minecraft.stone_shovel":1,"stat.craftItem.minecraft.furnace":2,"stat.pickup.minecraft.gold_ore":7,"stat.mineBlock.minecraft.lapis_ore":6,"stat.useItem.byg.scoria":17,"stat.craftItem.minecraft.stone_axe":1,"stat.craftItem.minecraft.iron_boots":1,"stat.pickup.minecraft.wooden_pickaxe":1,"stat.damageTaken":625,"stat.craftItem.minecraft.stone_pickaxe":5,"stat.mineBlock.minecraft.torch":15,"stat.useItem.minecraft.wooden_pickaxe":31,"stat.useItem.minecraft.furnace":1,"stat.pickup.minecraft.cobblestone":246,"stat.pickup.minecraft.dye":37,"stat.mineBlock.minecraft.clay":11,"stat.pickup.minecraft.reeds":40,"stat.useItem.minecraft.stone_shovel":25,"stat.craftItem.minecraft.stone_sword":1,"stat.flyOneCm":10950,"stat.pickup.minecraft.bed":1,"stat.pickup.minecraft.brown_mushroom":3,"stat.mineBlock.minecraft.sand":8,"stat.mineBlock.byg.scoria":105,"stat.entityKilledBy.Zombie":1,"stat.pickup.byg.angelica":3,"stat.mineBlock.minecraft.gravel":2,"stat.useItem.minecraft.stone_pickaxe":523,"stat.useItem.minecraft.stone_sword":65,"stat.craftItem.minecraft.iron_leggings":1,"stat.damageDealt":2394,"stat.pickup.minecraft.redstone":55,"stat.mineBlock.minecraft.iron_ore":58,"stat.timeSinceDeath":37403,"stat.mineBlock.minecraft.dirt":42,"stat.useItem.minecraft.iron_pickaxe":51,"stat.craftItem.minecraft.wooden_pickaxe":2,"stat.killEntity.Pig":6,"stat.pickup.minecraft.mutton":42,"stat.craftItem.minecraft.iron_sword":1,"stat.craftItem.minecraft.stone_shovel":1,"stat.walkOneCm":180634,"stat.craftItem.minecraft.bed":1,"stat.useItem.minecraft.torch":57,"stat.pickup.minecraft.stick":10,"stat.pickup.minecraft.crafting_table":6,"stat.pickup.minecraft.clay_ball":88,"stat.craftItem.minecraft.crafting_table":1,"stat.furnaceInteraction":9,"stat.mineBlock.minecraft.double_plant":3,"stat.mineBlock.minecraft.coal_ore":97,"stat.pickup.minecraft.log":205,"stat.pickup.minecraft.stone":12,"stat.craftItem.minecraft.iron_chestplate":1,"stat.pickup.minecraft.sapling":22,"stat.sprintOneCm":35192,"stat.craftItem.minecraft.stick":56,"stat.craftItem.minecraft.wooden_axe":2,"stat.killEntity.Skeleton":2,"stat.craftItem.minecraft.planks":56,"stat.useItem.minecraft.iron_sword":10,"stat.mineBlock.byg.soapstone":21,"stat.mineBlock.minecraft.crafting_table":5,"stat.killEntity.Spider":1,"stat.pickup.minecraft.stone_sword":1,"stat.mobKills":24,"stat.mineBlock.minecraft.log":106,"stat.mineBlock.byg.angelica":1,"stat.deaths":1,"stat.pickup.minecraft.egg":3,"stat.mineBlock.minecraft.leaves":2,"stat.playOneMinute":61506,"stat.pickup.minecraft.torch":48,"stat.killEntity.Sheep":15,"stat.mineBlock.minecraft.redstone_ore":12,"stat.sneakTime":61,"stat.craftItem.minecraft.iron_pickaxe":1,"stat.pickup.minecraft.wool":30,"stat.useItem.minecraft.wooden_axe":22,"stat.mineBlock.minecraft.stone":252,"stat.mineBlock.minecraft.gold_ore":7,"stat.mineBlock.minecraft.tallgrass":7,"stat.diveOneCm":11628}