{"stat.pickup.minecraft.bone":1,"stat.useItem.minecraft.iron_axe":60,"stat.leaveGame":3,"stat.mineBlock.minecraft.cobblestone":4,"stat.pickup.minecraft.stone_pickaxe":6,"stat.pickup.minecraft.flint":4,"stat.swimOneCm":5468,"stat.craftItem.minecraft.shield":3,"stat.useItem.minecraft.planks":1,"stat.pickup.minecraft.enchanted_book":3,"stat.pickup.minecraft.porkchop":4,"stat.useItem.minecraft.dirt":8,"stat.useItem.minecraft.stone_slab2":19,"stat.useItem.minecraft.water_bucket":2,"stat.pickup.minecraft.rotten_flesh":41,"stat.craftItem.minecraft.furnace":2,"stat.craftItem.minecraft.stone_pickaxe":1,"stat.pickup.minecraft.cobblestone":625,"stat.flyOneCm":80939,"stat.pickup.minecraft.glass_bottle":1,"stat.mineBlock.byg.scoria":294,"stat.pickup.minecraft.redstone":75,"stat.mineBlock.minecraft.iron_ore":61,"stat.timeSinceDeath":48090,"stat.useItem.minecraft.iron_pickaxe":927,"stat.craftItem.minecraft.wooden_pickaxe":2,"stat.pickup.minecraft.mutton":24,"stat.craftItem.minecraft.bed":1,"stat.pickup.minecraft.stonebrick":97,"stat.furnaceInteraction":45,"stat.useItem.minecraft.cooked_porkchop":2,"stat.killEntity.ZombieVillager":1,"stat.mineBlock.minecraft.coal_ore":141,"stat.pickup.minecraft.shield":9,"stat.pickup.minecraft.wooden_sword":2,"stat.pickup.minecraft.string":9,"stat.useItem.minecraft.cooked_mutton":13,"stat.pickup.minecraft.furnace":2,"stat.useItem.minecraft.redstone":2,"stat.pickup.minecraft.leather_helmet":2,"stat.sprintOneCm":224573,"stat.craftItem.minecraft.stick":84,"stat.craftItem.minecraft.wooden_axe":1,"stat.mineBlock.minecraft.crafting_table":5,"stat.pickup.minecraft.leather_leggings":3,"stat.mineBlock.minecraft.planks":2,"stat.deaths":4,"stat.drop":3,"stat.playOneMinute":126500,"stat.useItem.minecraft.wooden_sword":29,"stat.killEntity.Sheep":16,"stat.craftItem.minecraft.iron_pickaxe":4,"stat.killEntity.Zombie":7,"stat.pickup.minecraft.iron_bars":6,"stat.craftItem.minecraft.cooked_mutton":13,"stat.mineBlock.minecraft.tallgrass":1,"stat.diveOneCm":13897,"stat.pickup.minecraft.cooked_mutton":2,"stat.chestOpened":10,"stat.pickup.minecraft.gravel":17,"stat.pickup.minecraft.arrow":10,"stat.pickup.minecraft.iron_sword":2,"stat.craftItem.minecraft.cooked_porkchop":4,"stat.pickup.minecraft.stone_axe":2,"stat.useItem.minecraft.apple":1,"stat.useItem.minecraft.potion":1,"stat.useItem.byg.soapstone":1,"stat.pickup.minecraft.brick_stairs":12,"stat.useItem.minecraft.rotten_flesh":8,"stat.pickup.byg.soapstone":50,"stat.jump":1212,"stat.pickup.minecraft.coal":142,"stat.fallOneCm":12993,"stat.pickup.minecraft.iron_ingot":6,"stat.crouchOneCm":301,"stat.craftItem.minecraft.torch":160,"stat.craftItem.minecraft.iron_ingot":56,"stat.pickup.byg.scoria":435,"stat.pickup.minecraft.dirt":22,"stat.craftingTableInteraction":30,"stat.pickup.minecraft.iron_ore":67,"stat.pickup.minecraft.stone_shovel":4,"stat.mineBlock.minecraft.iron_bars":1,"stat.mineBlock.minecraft.lapis_ore":2,"stat.useItem.byg.scoria":3,"stat.pickup.minecraft.iron_axe":5,"stat.damageTaken":2359,"stat.pickup.minecraft.leather":10,"stat.craftItem.minecraft.wooden_button":3,"stat.mineBlock.minecraft.torch":66,"stat.pickup.minecraft.written_book":3,"stat.mineBlock.minecraft.furnace":2,"stat.useItem.minecraft.wooden_pickaxe":31,"stat.pickup.minecraft.dye":26,"stat.pickup.minecraft.planks":160,"stat.pickup.minecraft.oak_stairs":4,"stat.entityKilledBy.Zombie":1,"stat.mineBlock.minecraft.gravel":21,"stat.useItem.minecraft.stone_pickaxe":134,"stat.useItem.minecraft.stone_sword":35,"stat.craftItem.minecraft.iron_leggings":1,"stat.damageDealt":4294,"stat.sleepInBed":3,"stat.mineBlock.minecraft.dirt":7,"stat.killEntity.Pig":2,"stat.craftItem.minecraft.iron_sword":3,"stat.walkOneCm":471858,"stat.useItem.minecraft.torch":96,"stat.pickup.minecraft.stick":18,"stat.pickup.minecraft.crafting_table":5,"stat.useItem.minecraft.cobblestone":60,"stat.craftItem.minecraft.crafting_table":3,"stat.mineBlock.minecraft.double_plant":1,"stat.pickup.minecraft.log":35,"stat.useItem.minecraft.cooked_fish":2,"stat.pickup.minecraft.iron_pickaxe":4,"stat.drop.minecraft.iron_ore":3,"stat.pickup.minecraft.stone":130,"stat.craftItem.minecraft.iron_chestplate":1,"stat.mineBlock.minecraft.wool":1,"stat.pickup.minecraft.sapling":4,"stat.pickup.minecraft.apple":1,"stat.killEntity.Skeleton":3,"stat.craftItem.minecraft.bucket":2,"stat.craftItem.minecraft.planks":104,"stat.useItem.minecraft.iron_sword":123,"stat.mineBlock.byg.soapstone":30,"stat.killEntity.Spider":4,"stat.pickup.minecraft.stone_sword":1,"stat.mobKills":33,"stat.pickup.minecraft.book":15,"stat.useItem.minecraft.stonebrick":1,"stat.mineBlock.minecraft.log":43,"stat.mineBlock.minecraft.leaves":1,"stat.pickup.minecraft.torch":156,"stat.mineBlock.minecraft.redstone_ore":18,"stat.sneakTime":523,"stat.pickup.minecraft.wool":28,"stat.useItem.minecraft.wooden_axe":2,"stat.mineBlock.minecraft.stone":461}