{"stat.chestOpened":4,"stat.walkOneCm":95177,"stat.useItem.minecraft.torch":14,"stat.useItem.minecraft.iron_axe":12,"stat.leaveGame":2,"stat.pickup.minecraft.crafting_table":2,"stat.craftItem.minecraft.crafting_table":1,"stat.furnaceInteraction":6,"stat.mineBlock.minecraft.double_plant":1,"stat.mineBlock.minecraft.coal_ore":23,"stat.useItem.minecraft.rotten_flesh":4,"stat.pickup.minecraft.log":14,"stat.useItem.minecraft.cooked_fish":1,"stat.jump":233,"stat.swimOneCm":2068,"stat.pickup.minecraft.coal":23,"stat.fallOneCm":3648,"stat.useItem.minecraft.cooked_mutton":1,"stat.craftItem.minecraft.torch":16,"stat.sprintOneCm":45793,"stat.useItem.minecraft.stone_slab2":3,"stat.craftItem.minecraft.stick":8,"stat.craftingTableInteraction":9,"stat.pickup.minecraft.rotten_flesh":3,"stat.craftItem.minecraft.furnace":1,"stat.craftItem.minecraft.planks":56,"stat.damageTaken":271,"stat.mineBlock.minecraft.crafting_table":2,"stat.killEntity.Spider":1,"stat.craftItem.minecraft.stone_pickaxe":1,"stat.useItem.minecraft.wooden_pickaxe":31,"stat.mobKills":4,"stat.pickup.minecraft.cobblestone":20,"stat.mineBlock.minecraft.log":25,"stat.flyOneCm":25134,"stat.playOneMinute":25621,"stat.useItem.minecraft.wooden_sword":24,"stat.killEntity.Sheep":1,"stat.useItem.minecraft.stone_pickaxe":12,"stat.sneakTime":12,"stat.pickup.minecraft.wool":1,"stat.damageDealt":519,"stat.killEntity.Zombie":2,"stat.sleepInBed":2,"stat.timeSinceDeath":25621,"stat.craftItem.minecraft.wooden_pickaxe":1,"stat.mineBlock.minecraft.stone":20,"stat.craftItem.minecraft.cooked_mutton":1,"stat.pickup.minecraft.mutton":1}