{"stat.pickup.minecraft.bone":1,"stat.useItem.minecraft.iron_axe":85,"stat.leaveGame":5,"stat.mineBlock.minecraft.cobblestone":28,"stat.pickup.minecraft.stone_pickaxe":6,"stat.pickup.minecraft.flint":17,"stat.craftItem.minecraft.iron_axe":1,"stat.useItem.minecraft.diamond_sword":104,"stat.swimOneCm":23743,"stat.craftItem.minecraft.shield":3,"stat.useItem.minecraft.planks":1,"stat.pickup.minecraft.enchanted_book":6,"stat.pickup.minecraft.porkchop":4,"stat.useItem.minecraft.dirt":8,"stat.useItem.minecraft.stone_slab2":26,"stat.useItem.minecraft.water_bucket":15,"stat.mineBlock.minecraft.stone_brick_stairs":8,"stat.pickup.minecraft.rotten_flesh":68,"stat.craftItem.minecraft.furnace":2,"stat.pickup.minecraft.enchanting_table":3,"stat.craftItem.minecraft.spruce_boat":1,"stat.pickup.minecraft.bucket":2,"stat.craftItem.minecraft.stone_pickaxe":1,"stat.mineBlock.minecraft.obsidian":7,"stat.pickup.minecraft.cobblestone":2375,"stat.flyOneCm":101407,"stat.pickup.minecraft.glass_bottle":1,"stat.mineBlock.byg.scoria":328,"stat.pickup.minecraft.redstone":303,"stat.mineBlock.minecraft.iron_ore":93,"stat.timeSinceDeath":4974,"stat.useItem.minecraft.iron_pickaxe":1635,"stat.craftItem.minecraft.wooden_pickaxe":2,"stat.pickup.minecraft.mutton":24,"stat.craftItem.minecraft.bed":1,"stat.pickup.minecraft.stonebrick":232,"stat.furnaceInteraction":57,"stat.useItem.minecraft.cooked_porkchop":4,"stat.killEntity.ZombieVillager":1,"stat.mineBlock.minecraft.coal_ore":146,"stat.pickup.minecraft.shield":12,"stat.pickup.minecraft.wooden_sword":2,"stat.pickup.minecraft.string":11,"stat.useItem.minecraft.cooked_mutton":24,"stat.pickup.minecraft.furnace":3,"stat.useItem.minecraft.redstone":2,"stat.pickup.minecraft.leather_helmet":2,"stat.sprintOneCm":396798,"stat.pickup.minecraft.iron_chestplate":3,"stat.craftItem.minecraft.stick":88,"stat.craftItem.minecraft.wooden_axe":1,"stat.mineBlock.byg.tamreliteore":3,"stat.mineBlock.minecraft.diamond_ore":33,"stat.mineBlock.minecraft.crafting_table":8,"stat.useItem.minecraft.diamond_pickaxe":447,"stat.pickup.minecraft.leather_leggings":3,"stat.mineBlock.minecraft.oak_stairs":1,"stat.mineBlock.minecraft.planks":5,"stat.deaths":7,"stat.drop":3,"stat.playOneMinute":202719,"stat.useItem.minecraft.wooden_sword":29,"stat.killEntity.Sheep":16,"stat.craftItem.minecraft.iron_pickaxe":7,"stat.craftItem.minecraft.diamond_pickaxe":1,"stat.killEntity.Zombie":13,"stat.pickup.minecraft.iron_bars":8,"stat.mineBlock.minecraft.gold_ore":2,"stat.craftItem.minecraft.cooked_mutton":24,"stat.mineBlock.minecraft.tallgrass":1,"stat.diveOneCm":36477,"stat.pickup.minecraft.cooked_mutton":2,"stat.chestOpened":30,"stat.pickup.minecraft.gravel":56,"stat.pickup.minecraft.arrow":10,"stat.pickup.minecraft.iron_sword":2,"stat.craftItem.minecraft.cooked_porkchop":4,"stat.pickup.minecraft.stone_axe":2,"stat.useItem.minecraft.apple":1,"stat.pickup.minecraft.obsidian":16,"stat.useItem.minecraft.potion":1,"stat.useItem.byg.soapstone":1,"stat.pickup.minecraft.brick_stairs":12,"stat.useItem.minecraft.rotten_flesh":11,"stat.pickup.minecraft.stone_brick_stairs":14,"stat.pickup.minecraft.diamond_sword":3,"stat.pickup.byg.soapstone":50,"stat.craftItem.minecraft.diamond_sword":1,"stat.jump":1874,"stat.pickup.byg.tamrelitegem":12,"stat.pickup.minecraft.coal":268,"stat.fallOneCm":16048,"stat.pickup.minecraft.iron_ingot":48,"stat.crouchOneCm":315,"stat.mineBlock.minecraft.chest":1,"stat.craftItem.minecraft.torch":160,"stat.craftItem.minecraft.iron_ingot":76,"stat.pickup.byg.scoria":466,"stat.pickup.minecraft.dirt":29,"stat.craftingTableInteraction":42,"stat.pickup.minecraft.iron_ore":151,"stat.pickup.minecraft.stone_shovel":4,"stat.boatOneCm":39623,"stat.mineBlock.minecraft.iron_bars":3,"stat.pickup.minecraft.gold_ore":8,"stat.mineBlock.minecraft.lapis_ore":4,"stat.useItem.byg.scoria":3,"stat.pickup.minecraft.iron_axe":8,"stat.damageTaken":4204,"stat.pickup.minecraft.leather":10,"stat.craftItem.minecraft.wooden_button":3,"stat.mineBlock.minecraft.torch":96,"stat.pickup.minecraft.written_book":3,"stat.mineBlock.minecraft.furnace":3,"stat.useItem.minecraft.wooden_pickaxe":31,"stat.pickup.minecraft.dye":70,"stat.pickup.minecraft.planks":163,"stat.pickup.minecraft.iron_leggings":3,"stat.pickup.minecraft.oak_stairs":5,"stat.entityKilledBy.Zombie":4,"stat.mineBlock.minecraft.gravel":26,"stat.useItem.minecraft.stone_pickaxe":134,"stat.useItem.minecraft.stone_sword":35,"stat.craftItem.minecraft.iron_leggings":1,"stat.damageDealt":6395,"stat.sleepInBed":3,"stat.mineBlock.minecraft.dirt":20,"stat.killEntity.Pig":2,"stat.craftItem.minecraft.iron_sword":3,"stat.walkOneCm":770666,"stat.useItem.minecraft.torch":180,"stat.pickup.minecraft.stick":25,"stat.pickup.minecraft.diamond_pickaxe":3,"stat.pickup.minecraft.crafting_table":10,"stat.useItem.minecraft.cobblestone":128,"stat.craftItem.minecraft.crafting_table":5,"stat.mineBlock.minecraft.double_plant":1,"stat.useItem.minecraft.spruce_boat":1,"stat.pickup.minecraft.log":47,"stat.useItem.minecraft.cooked_fish":2,"stat.pickup.minecraft.iron_pickaxe":4,"stat.drop.minecraft.iron_ore":3,"stat.pickup.minecraft.stone":279,"stat.craftItem.minecraft.iron_chestplate":1,"stat.mineBlock.minecraft.wool":1,"stat.pickup.minecraft.sapling":4,"stat.pickup.minecraft.apple":1,"stat.killEntity.Skeleton":6,"stat.craftItem.minecraft.bucket":2,"stat.mineBlock.minecraft.stonebrick":168,"stat.craftItem.minecraft.planks":104,"stat.useItem.minecraft.iron_sword":123,"stat.mineBlock.byg.soapstone":30,"stat.killEntity.Spider":6,"stat.pickup.minecraft.stone_sword":1,"stat.mobKills":44,"stat.pickup.minecraft.book":63,"stat.useItem.minecraft.stonebrick":6,"stat.mineBlock.minecraft.log":54,"stat.mineBlock.minecraft.bookshelf":4,"stat.pickup.minecraft.water_bucket":1,"stat.pickup.minecraft.diamond":107,"stat.mineBlock.minecraft.leaves":1,"stat.pickup.minecraft.torch":304,"stat.mineBlock.minecraft.redstone_ore":26,"stat.sneakTime":568,"stat.pickup.minecraft.wool":52,"stat.useItem.minecraft.wooden_axe":4,"stat.mineBlock.minecraft.stone":1257,"stat.pickup.minecraft.chest":3,"stat.craftItem.minecraft.enchanting_table":1}