{"stat.chestOpened":4,"stat.walkOneCm":131494,"stat.craftItem.minecraft.bed":1,"stat.useItem.minecraft.torch":15,"stat.useItem.minecraft.iron_axe":13,"stat.leaveGame":2,"stat.pickup.minecraft.crafting_table":2,"stat.craftItem.minecraft.crafting_table":1,"stat.furnaceInteraction":19,"stat.mineBlock.minecraft.double_plant":1,"stat.mineBlock.minecraft.coal_ore":47,"stat.pickup.minecraft.shield":1,"stat.useItem.minecraft.rotten_flesh":4,"stat.pickup.minecraft.log":14,"stat.useItem.minecraft.cooked_fish":2,"stat.jump":353,"stat.swimOneCm":2141,"stat.pickup.minecraft.coal":48,"stat.fallOneCm":4333,"stat.craftItem.minecraft.shield":2,"stat.useItem.minecraft.cooked_mutton":3,"stat.drop.minecraft.iron_ore":3,"stat.craftItem.minecraft.torch":16,"stat.craftItem.minecraft.iron_ingot":10,"stat.sprintOneCm":70592,"stat.useItem.minecraft.stone_slab2":7,"stat.craftItem.minecraft.stick":16,"stat.craftingTableInteraction":13,"stat.pickup.minecraft.iron_ore":13,"stat.pickup.minecraft.rotten_flesh":3,"stat.craftItem.minecraft.furnace":1,"stat.craftItem.minecraft.planks":56,"stat.useItem.minecraft.iron_sword":11,"stat.damageTaken":354,"stat.mineBlock.minecraft.crafting_table":3,"stat.killEntity.Spider":1,"stat.craftItem.minecraft.stone_pickaxe":1,"stat.mineBlock.minecraft.torch":8,"stat.useItem.minecraft.wooden_pickaxe":31,"stat.mobKills":7,"stat.pickup.minecraft.cobblestone":23,"stat.mineBlock.minecraft.log":25,"stat.flyOneCm":36415,"stat.drop":3,"stat.playOneMinute":37621,"stat.useItem.minecraft.wooden_sword":29,"stat.pickup.minecraft.torch":8,"stat.killEntity.Sheep":4,"stat.useItem.minecraft.stone_pickaxe":55,"stat.sneakTime":12,"stat.craftItem.minecraft.iron_pickaxe":1,"stat.pickup.minecraft.wool":4,"stat.damageDealt":865,"stat.mineBlock.minecraft.iron_ore":9,"stat.killEntity.Zombie":2,"stat.sleepInBed":3,"stat.timeSinceDeath":37621,"stat.craftItem.minecraft.wooden_pickaxe":1,"stat.mineBlock.minecraft.stone":23,"stat.craftItem.minecraft.cooked_mutton":6,"stat.pickup.minecraft.mutton":6,"stat.craftItem.minecraft.iron_sword":1}