{"stat.chestOpened":10,"stat.walkOneCm":199241,"stat.craftItem.minecraft.bed":1,"stat.useItem.minecraft.torch":29,"stat.pickup.minecraft.bone":1,"stat.useItem.minecraft.iron_axe":46,"stat.leaveGame":2,"stat.pickup.minecraft.arrow":4,"stat.pickup.minecraft.iron_sword":1,"stat.pickup.minecraft.crafting_table":3,"stat.mineBlock.minecraft.cobblestone":1,"stat.pickup.minecraft.stone_pickaxe":3,"stat.craftItem.minecraft.crafting_table":1,"stat.furnaceInteraction":26,"stat.mineBlock.minecraft.double_plant":1,"stat.mineBlock.minecraft.coal_ore":47,"stat.pickup.minecraft.shield":4,"stat.pickup.minecraft.wooden_sword":1,"stat.useItem.minecraft.potion":1,"stat.useItem.minecraft.rotten_flesh":6,"stat.pickup.minecraft.log":16,"stat.pickup.minecraft.brick_stairs":8,"stat.pickup.minecraft.string":3,"stat.useItem.minecraft.cooked_fish":2,"stat.jump":438,"stat.swimOneCm":2141,"stat.pickup.minecraft.coal":48,"stat.fallOneCm":6024,"stat.craftItem.minecraft.shield":2,"stat.useItem.minecraft.planks":1,"stat.pickup.minecraft.iron_ingot":3,"stat.pickup.minecraft.iron_pickaxe":1,"stat.useItem.minecraft.cooked_mutton":9,"stat.drop.minecraft.iron_ore":3,"stat.mineBlock.minecraft.wool":1,"stat.craftItem.minecraft.torch":36,"stat.craftItem.minecraft.iron_ingot":10,"stat.sprintOneCm":122863,"stat.useItem.minecraft.stone_slab2":9,"stat.craftItem.minecraft.stick":16,"stat.craftingTableInteraction":15,"stat.pickup.minecraft.iron_ore":15,"stat.pickup.minecraft.rotten_flesh":18,"stat.killEntity.Skeleton":3,"stat.craftItem.minecraft.furnace":1,"stat.pickup.minecraft.stone_shovel":2,"stat.mineBlock.minecraft.iron_bars":1,"stat.craftItem.minecraft.planks":56,"stat.useItem.minecraft.iron_sword":79,"stat.pickup.minecraft.iron_axe":2,"stat.damageTaken":1300,"stat.mineBlock.minecraft.crafting_table":4,"stat.killEntity.Spider":4,"stat.craftItem.minecraft.stone_pickaxe":1,"stat.mineBlock.minecraft.torch":8,"stat.pickup.minecraft.written_book":1,"stat.useItem.minecraft.wooden_pickaxe":31,"stat.mobKills":20,"stat.pickup.minecraft.cobblestone":36,"stat.pickup.minecraft.book":5,"stat.pickup.minecraft.leather_leggings":2,"stat.useItem.minecraft.stonebrick":1,"stat.mineBlock.minecraft.log":25,"stat.pickup.minecraft.planks":81,"stat.flyOneCm":47284,"stat.mineBlock.minecraft.planks":2,"stat.deaths":1,"stat.drop":3,"stat.playOneMinute":49621,"stat.pickup.minecraft.oak_stairs":2,"stat.useItem.minecraft.wooden_sword":29,"stat.entityKilledBy.Zombie":1,"stat.pickup.minecraft.torch":31,"stat.killEntity.Sheep":8,"stat.useItem.minecraft.stone_pickaxe":55,"stat.sneakTime":12,"stat.craftItem.minecraft.iron_pickaxe":1,"stat.pickup.minecraft.wool":13,"stat.damageDealt":2829,"stat.mineBlock.minecraft.iron_ore":10,"stat.killEntity.Zombie":5,"stat.sleepInBed":3,"stat.timeSinceDeath":4814,"stat.pickup.minecraft.iron_bars":4,"stat.useItem.minecraft.iron_pickaxe":5,"stat.craftItem.minecraft.wooden_pickaxe":1,"stat.mineBlock.minecraft.stone":23,"stat.craftItem.minecraft.cooked_mutton":9,"stat.mineBlock.minecraft.tallgrass":1,"stat.pickup.minecraft.mutton":13,"stat.craftItem.minecraft.iron_sword":1,"stat.pickup.minecraft.cooked_mutton":2}