{"stat.craftItem.minecraft.diamond_chestplate":1,"stat.pickup.minecraft.bone":1,"stat.craftItem.minecraft.diamond_leggings":1,"stat.useItem.minecraft.iron_axe":86,"stat.leaveGame":5,"stat.mineBlock.minecraft.cobblestone":42,"stat.pickup.minecraft.stone_pickaxe":6,"stat.pickup.minecraft.flint":17,"stat.craftItem.minecraft.iron_axe":1,"stat.pickup.minecraft.leather_chestplate":1,"stat.useItem.minecraft.diamond_sword":170,"stat.craftItem.minecraft.diamond_helmet":1,"stat.swimOneCm":62298,"stat.craftItem.minecraft.shield":4,"stat.useItem.minecraft.planks":1,"stat.pickup.minecraft.enchanted_book":6,"stat.climbOneCm":7580,"stat.drop.minecraft.cobblestone":2,"stat.pickup.minecraft.porkchop":4,"stat.useItem.minecraft.dirt":8,"stat.useItem.minecraft.stone_slab2":450,"stat.useItem.minecraft.water_bucket":45,"stat.mineBlock.minecraft.stone_brick_stairs":9,"stat.pickup.minecraft.rotten_flesh":121,"stat.pickup.minecraft.sand":39,"stat.craftItem.minecraft.furnace":2,"stat.pickup.minecraft.enchanting_table":3,"stat.craftItem.minecraft.spruce_boat":1,"stat.pickup.minecraft.bucket":2,"stat.craftItem.minecraft.stone_pickaxe":1,"stat.mineBlock.minecraft.obsidian":7,"stat.pickup.minecraft.cobblestone":2762,"stat.craftItem.minecraft.cobblestone_wall":6,"stat.pickup.minecraft.leather_boots":6,"stat.flyOneCm":131521,"stat.pickup.minecraft.glass_bottle":1,"stat.mineBlock.minecraft.snow_layer":26,"stat.mineBlock.byg.scoria":328,"stat.mineBlock.minecraft.sand":39,"stat.pickup.minecraft.redstone":304,"stat.mineBlock.minecraft.iron_ore":93,"stat.timeSinceDeath":61504,"stat.useItem.minecraft.iron_pickaxe":1635,"stat.craftItem.minecraft.wooden_pickaxe":2,"stat.pickup.minecraft.mutton":24,"stat.craftItem.minecraft.bed":1,"stat.pickup.minecraft.stonebrick":232,"stat.pickup.minecraft.wooden_shovel":1,"stat.furnaceInteraction":58,"stat.useItem.minecraft.cooked_porkchop":4,"stat.killEntity.ZombieVillager":4,"stat.mineBlock.minecraft.coal_ore":146,"stat.pickup.minecraft.shield":15,"stat.pickup.minecraft.wooden_sword":2,"stat.pickup.minecraft.string":11,"stat.useItem.minecraft.cooked_mutton":24,"stat.pickup.minecraft.furnace":4,"stat.useItem.minecraft.redstone":2,"stat.pickup.minecraft.leather_helmet":2,"stat.sprintOneCm":455429,"stat.pickup.minecraft.paper":1,"stat.pickup.minecraft.iron_chestplate":3,"stat.craftItem.minecraft.stick":100,"stat.craftItem.minecraft.wooden_axe":1,"stat.mineBlock.byg.tamreliteore":3,"stat.useItem.byg.tamreliteshovel":37,"stat.mineBlock.minecraft.diamond_ore":33,"stat.useItem.minecraft.snowball":43,"stat.useItem.minecraft.flint_and_steel":2,"stat.mineBlock.minecraft.crafting_table":8,"stat.useItem.minecraft.diamond_pickaxe":563,"stat.useItem.minecraft.wooden_shovel":42,"stat.pickup.minecraft.leather_leggings":9,"stat.mineBlock.minecraft.oak_stairs":1,"stat.mineBlock.minecraft.planks":5,"stat.deaths":9,"stat.drop":5,"stat.playOneMinute":304719,"stat.useItem.minecraft.wooden_sword":29,"stat.killEntity.Sheep":16,"stat.craftItem.minecraft.iron_pickaxe":7,"stat.craftItem.minecraft.diamond_pickaxe":2,"stat.killEntity.Zombie":55,"stat.pickup.minecraft.snowball":44,"stat.pickup.minecraft.iron_bars":8,"stat.mineBlock.minecraft.gold_ore":2,"stat.craftItem.minecraft.cooked_mutton":24,"stat.mineBlock.minecraft.tallgrass":1,"stat.diveOneCm":71632,"stat.pickup.minecraft.cooked_mutton":2,"stat.chestOpened":40,"stat.pickup.minecraft.gravel":56,"stat.pickup.minecraft.arrow":10,"stat.pickup.minecraft.iron_sword":2,"stat.craftItem.minecraft.cooked_porkchop":4,"stat.pickup.minecraft.stone_axe":3,"stat.useItem.minecraft.apple":1,"stat.pickup.minecraft.obsidian":16,"stat.useItem.minecraft.potion":1,"stat.useItem.byg.soapstone":1,"stat.pickup.minecraft.brick_stairs":12,"stat.useItem.minecraft.rotten_flesh":27,"stat.pickup.minecraft.stone_brick_stairs":15,"stat.pickup.minecraft.diamond_sword":4,"stat.pickup.byg.soapstone":50,"stat.craftItem.minecraft.diamond_sword":1,"stat.jump":2512,"stat.pickup.byg.tamrelitegem":12,"stat.pickup.minecraft.coal":322,"stat.fallOneCm":25464,"stat.pickup.minecraft.iron_ingot":48,"stat.useItem.minecraft.stone_axe":1,"stat.crouchOneCm":637,"stat.mineBlock.minecraft.chest":2,"stat.pickup.minecraft.spider_eye":1,"stat.craftItem.minecraft.torch":188,"stat.craftItem.minecraft.iron_ingot":76,"stat.pickup.byg.scoria":466,"stat.pickup.minecraft.dirt":34,"stat.craftingTableInteraction":49,"stat.pickup.minecraft.iron_ore":151,"stat.pickup.minecraft.stone_shovel":4,"stat.boatOneCm":39623,"stat.mineBlock.minecraft.iron_bars":3,"stat.pickup.minecraft.gold_ore":8,"stat.mineBlock.minecraft.lapis_ore":4,"stat.useItem.byg.scoria":3,"stat.pickup.minecraft.iron_axe":8,"stat.pickup.minecraft.wooden_pickaxe":1,"stat.damageTaken":5082,"stat.pickup.minecraft.leather":10,"stat.craftItem.minecraft.wooden_button":3,"stat.mineBlock.minecraft.torch":98,"stat.pickup.minecraft.written_book":3,"stat.mineBlock.minecraft.furnace":4,"stat.useItem.minecraft.wooden_pickaxe":31,"stat.pickup.minecraft.dye":70,"stat.pickup.minecraft.planks":163,"stat.pickup.minecraft.iron_leggings":4,"stat.pickup.minecraft.bed":2,"stat.pickup.minecraft.oak_stairs":5,"stat.entityKilledBy.Zombie":6,"stat.mineBlock.minecraft.gravel":26,"stat.useItem.minecraft.stone_pickaxe":134,"stat.useItem.minecraft.stone_sword":35,"stat.craftItem.minecraft.iron_leggings":1,"stat.damageDealt":7793,"stat.sleepInBed":3,"stat.mineBlock.minecraft.dirt":26,"stat.killEntity.Pig":2,"stat.craftItem.minecraft.iron_sword":3,"stat.walkOneCm":1017815,"stat.useItem.minecraft.torch":201,"stat.pickup.minecraft.stick":34,"stat.pickup.minecraft.diamond_pickaxe":3,"stat.pickup.minecraft.crafting_table":10,"stat.useItem.minecraft.log":4,"stat.useItem.minecraft.cobblestone":540,"stat.craftItem.minecraft.crafting_table":6,"stat.mineBlock.minecraft.double_plant":1,"stat.useItem.minecraft.spruce_boat":1,"stat.pickup.minecraft.log":57,"stat.useItem.minecraft.cooked_fish":2,"stat.craftItem.minecraft.diamond_boots":1,"stat.pickup.minecraft.iron_pickaxe":4,"stat.drop.minecraft.iron_ore":3,"stat.pickup.minecraft.stone":369,"stat.craftItem.minecraft.iron_chestplate":1,"stat.mineBlock.minecraft.wool":1,"stat.pickup.minecraft.sapling":12,"stat.pickup.minecraft.apple":1,"stat.killEntity.Skeleton":6,"stat.craftItem.minecraft.bucket":2,"stat.mineBlock.minecraft.stonebrick":169,"stat.craftItem.minecraft.planks":124,"stat.useItem.minecraft.iron_sword":123,"stat.mineBlock.byg.soapstone":30,"stat.killEntity.Spider":6,"stat.pickup.minecraft.stone_sword":1,"stat.mobKills":89,"stat.pickup.minecraft.book":63,"stat.useItem.minecraft.stonebrick":6,"stat.mineBlock.minecraft.log":64,"stat.mineBlock.minecraft.bookshelf":4,"stat.useItem.minecraft.golden_apple":1,"stat.pickup.minecraft.water_bucket":1,"stat.useItem.minecraft.cobblestone_wall":2,"stat.pickup.minecraft.diamond":107,"stat.mineBlock.minecraft.leaves":3,"stat.pickup.minecraft.torch":310,"stat.mineBlock.minecraft.redstone_ore":26,"stat.sneakTime":913,"stat.pickup.minecraft.wool":52,"stat.craftItem.byg.tamreliteshovel":1,"stat.useItem.minecraft.wooden_axe":4,"stat.mineBlock.minecraft.stone":1345,"stat.pickup.minecraft.chest":4,"stat.craftItem.minecraft.enchanting_table":1}