{"stat.leaveGame":13,"stat.craftItem.minecraft.iron_axe":1,"stat.craftItem.minecraft.shield":4,"stat.useItem.minecraft.planks":3,"stat.pickup.minecraft.porkchop":4,"stat.drop.minecraft.speckled_melon":3,"stat.useItem.minecraft.water_bucket":45,"stat.mineBlock.minecraft.stone_brick_stairs":9,"stat.pickup.minecraft.rotten_flesh":321,"stat.pickup.minecraft.sand":39,"stat.pickup.minecraft.bucket":2,"stat.craftItem.minecraft.cobblestone_wall":6,"stat.pickup.minecraft.leather_boots":11,"stat.mineBlock.minecraft.snow_layer":79,"stat.mineBlock.byg.scoria":384,"stat.mineBlock.minecraft.sand":39,"stat.hopperInspected":2,"stat.useItem.minecraft.iron_pickaxe":1647,"stat.craftItem.minecraft.wooden_pickaxe":2,"stat.pickup.minecraft.ghast_tear":1,"stat.craftItem.minecraft.bed":1,"stat.mineBlock.minecraft.hopper":2,"stat.pickup.minecraft.wooden_shovel":1,"stat.furnaceInteraction":98,"stat.killEntity.ZombieVillager":8,"stat.useItem.minecraft.cooked_mutton":24,"stat.pickup.minecraft.furnace":4,"stat.useItem.minecraft.redstone":2,"stat.pickup.minecraft.leather_helmet":7,"stat.pickup.minecraft.iron_chestplate":3,"stat.useItem.byg.tamreliteshovel":37,"stat.pickup.minecraft.potion":1,"stat.useItem.minecraft.flint_and_steel":2,"stat.mineBlock.minecraft.oak_stairs":3,"stat.deaths":12,"stat.playOneMinute":407332,"stat.craftItem.minecraft.iron_pickaxe":7,"stat.pickup.minecraft.iron_bars":12,"stat.craftItem.minecraft.cooked_mutton":24,"stat.mineBlock.minecraft.tallgrass":3,"stat.pickup.minecraft.cooked_mutton":2,"stat.chestOpened":95,"stat.pickup.minecraft.spruce_door":3,"stat.useItem.minecraft.stone":37,"stat.pickup.minecraft.arrow":10,"stat.pickup.minecraft.iron_sword":2,"stat.mineBlock.minecraft.ice":17,"stat.pickup.minecraft.brick_stairs":12,"stat.pickup.byg.tamrelitegem":15,"stat.fallOneCm":38490,"stat.crouchOneCm":836,"stat.mineBlock.minecraft.chest":5,"stat.craftItem.minecraft.iron_ingot":76,"stat.craftItem.minecraft.chest":4,"stat.craftItem.minecraft.hopper":1,"stat.craftingTableInteraction":78,"stat.pickup.minecraft.wooden_pickaxe":1,"stat.mineBlock.minecraft.log2":4,"stat.craftItem.minecraft.wooden_button":3,"stat.useItem.minecraft.furnace":1,"stat.pickup.minecraft.dye":123,"stat.pickup.minecraft.planks":202,"stat.pickup.minecraft.iron_leggings":7,"stat.craftItem.minecraft.diamond_shovel":1,"stat.mineBlock.minecraft.gravel":30,"stat.useItem.minecraft.stone_pickaxe":134,"stat.useItem.minecraft.stone_sword":35,"stat.craftItem.minecraft.iron_leggings":1,"stat.mineBlock.minecraft.dirt":30,"stat.pickup.minecraft.chainmail_boots":2,"stat.useItem.minecraft.torch":233,"stat.useItem.minecraft.bread":3,"stat.pickup.minecraft.crafting_table":11,"stat.useItem.minecraft.log":4,"stat.useItem.minecraft.cobblestone":565,"stat.craftItem.minecraft.crafting_table":7,"stat.mineBlock.minecraft.double_plant":1,"stat.pickup.minecraft.log":57,"stat.useItem.minecraft.cooked_fish":2,"stat.pickup.minecraft.iron_pickaxe":5,"stat.drop.minecraft.iron_ore":3,"stat.craftItem.minecraft.gold_ingot":6,"stat.pickup.minecraft.hopper":2,"stat.pickup.minecraft.chainmail_leggings":2,"stat.pickup.minecraft.sapling":14,"stat.pickup.minecraft.apple":1,"stat.craftItem.minecraft.bucket":2,"stat.craftItem.minecraft.planks":124,"stat.useItem.minecraft.iron_sword":123,"stat.itemEnchanted":2,"stat.pickup.minecraft.diamond_helmet":3,"stat.pickup.minecraft.stone_sword":1,"stat.pickup.minecraft.book":104,"stat.useItem.minecraft.stonebrick":106,"stat.mineBlock.minecraft.log":72,"stat.pickup.minecraft.red_flower":1,"stat.sneakTime":1198,"stat.pickup.minecraft.wool":52,"stat.useItem.minecraft.wooden_axe":4,"stat.pickup.minecraft.chest":7,"stat.craftItem.minecraft.enchanting_table":2,"stat.craftItem.minecraft.diamond_chestplate":1,"stat.pickup.minecraft.bone":1,"stat.craftItem.minecraft.diamond_leggings":1,"stat.useItem.minecraft.iron_axe":86,"stat.mineBlock.minecraft.cobblestone":61,"stat.pickup.minecraft.stone_pickaxe":8,"stat.pickup.minecraft.flint":17,"stat.pickup.minecraft.leather_chestplate":8,"stat.useItem.minecraft.diamond_sword":307,"stat.pickup.minecraft.flower_pot":2,"stat.craftItem.minecraft.diamond_helmet":1,"stat.swimOneCm":77125,"stat.pickup.minecraft.enchanted_book":7,"stat.climbOneCm":22539,"stat.drop.minecraft.cobblestone":2,"stat.useItem.minecraft.dirt":13,"stat.useItem.minecraft.stone_slab2":484,"stat.pickup.minecraft.iron_boots":2,"stat.craftItem.minecraft.furnace":5,"stat.pickup.minecraft.enchanting_table":3,"stat.craftItem.minecraft.spruce_boat":1,"stat.craftItem.minecraft.stone_pickaxe":1,"stat.mineBlock.minecraft.obsidian":23,"stat.pickup.minecraft.cobblestone":3045,"stat.pickup.minecraft.diamond_leggings":1,"stat.flyOneCm":211507,"stat.pickup.minecraft.glass_bottle":1,"stat.pickup.minecraft.redstone":350,"stat.mineBlock.minecraft.iron_ore":93,"stat.timeSinceDeath":83521,"stat.pickup.minecraft.mutton":24,"stat.craftItem.minecraft.stonebrick":136,"stat.pickup.minecraft.wooden_axe":2,"stat.pickup.minecraft.stonebrick":234,"stat.useItem.minecraft.cooked_porkchop":4,"stat.pickup.minecraft.trapdoor":3,"stat.pickup.minecraft.diamond_shovel":1,"stat.mineBlock.minecraft.coal_ore":203,"stat.pickup.minecraft.shield":30,"stat.pickup.minecraft.wooden_sword":2,"stat.pickup.minecraft.string":11,"stat.sprintOneCm":668643,"stat.pickup.minecraft.paper":2,"stat.useItem.minecraft.diamond_shovel":138,"stat.craftItem.minecraft.stick":100,"stat.craftItem.minecraft.wooden_axe":1,"stat.mineBlock.byg.tamreliteore":4,"stat.pickup.minecraft.speckled_melon":6,"stat.craftItem.minecraft.stone":136,"stat.mineBlock.minecraft.diamond_ore":39,"stat.useItem.minecraft.snowball":43,"stat.mineBlock.minecraft.crafting_table":9,"stat.useItem.minecraft.diamond_pickaxe":976,"stat.useItem.minecraft.wooden_shovel":42,"stat.pickup.minecraft.diamond_chestplate":1,"stat.pickup.minecraft.leather_leggings":20,"stat.mineBlock.minecraft.planks":39,"stat.drop":8,"stat.useItem.minecraft.wooden_sword":29,"stat.killEntity.Sheep":16,"stat.craftItem.minecraft.diamond_pickaxe":3,"stat.killEntity.Zombie":129,"stat.pickup.minecraft.snowball":134,"stat.craftItem.minecraft.dye":1,"stat.craftItem.minecraft.diamond_axe":1,"stat.mineBlock.minecraft.gold_ore":8,"stat.diveOneCm":89460,"stat.pickup.minecraft.gravel":56,"stat.craftItem.minecraft.cooked_porkchop":4,"stat.useItem.minecraft.glass_bottle":1,"stat.useItem.minecraft.diamond_axe":44,"stat.pickup.minecraft.stone_axe":4,"stat.useItem.minecraft.apple":1,"stat.pickup.minecraft.obsidian":31,"stat.useItem.minecraft.potion":2,"stat.useItem.byg.soapstone":1,"stat.useItem.minecraft.rotten_flesh":48,"stat.pickup.minecraft.stone_brick_stairs":15,"stat.pickup.minecraft.diamond_sword":7,"stat.pickup.byg.soapstone":50,"stat.craftItem.minecraft.diamond_sword":1,"stat.jump":3547,"stat.pickup.minecraft.coal":382,"stat.pickup.minecraft.iron_ingot":76,"stat.useItem.minecraft.stone_axe":1,"stat.pickup.minecraft.spider_eye":4,"stat.craftItem.minecraft.torch":188,"stat.pickup.byg.scoria":542,"stat.pickup.minecraft.dirt":39,"stat.useItem.minecraft.cooked_chicken":1,"stat.pickup.minecraft.iron_ore":151,"stat.pickup.minecraft.stone_shovel":8,"stat.boatOneCm":39623,"stat.mineBlock.minecraft.iron_bars":5,"stat.pickup.minecraft.gold_ore":14,"stat.mineBlock.minecraft.lapis_ore":8,"stat.useItem.byg.scoria":9,"stat.pickup.minecraft.iron_axe":8,"stat.damageTaken":6198,"stat.pickup.minecraft.leather":11,"stat.mineBlock.minecraft.torch":102,"stat.pickup.minecraft.written_book":3,"stat.mineBlock.minecraft.furnace":4,"stat.mineBlock.minecraft.red_flower":1,"stat.useItem.minecraft.wooden_pickaxe":31,"stat.pickup.minecraft.bed":4,"stat.pickup.minecraft.potato":1,"stat.pickup.minecraft.oak_stairs":5,"stat.entityKilledBy.Zombie":7,"stat.damageDealt":9793,"stat.sleepInBed":4,"stat.killEntity.Pig":2,"stat.craftItem.minecraft.iron_sword":3,"stat.walkOneCm":1412395,"stat.useItem.minecraft.chest":1,"stat.pickup.minecraft.stick":52,"stat.pickup.minecraft.diamond_pickaxe":5,"stat.useItem.minecraft.spruce_boat":1,"stat.craftItem.minecraft.diamond_boots":1,"stat.pickup.minecraft.stone":450,"stat.craftItem.minecraft.iron_chestplate":1,"stat.mineBlock.minecraft.wool":1,"stat.killEntity.Skeleton":6,"stat.mineBlock.minecraft.stonebrick":170,"stat.mineBlock.byg.soapstone":30,"stat.killEntity.Spider":6,"stat.pickup.minecraft.bread":1,"stat.mobKills":167,"stat.pickup.minecraft.diamond_boots":1,"stat.mineBlock.minecraft.bookshelf":11,"stat.useItem.minecraft.golden_apple":1,"stat.pickup.minecraft.water_bucket":1,"stat.useItem.minecraft.cobblestone_wall":2,"stat.pickup.minecraft.diamond":153,"stat.mineBlock.minecraft.leaves":3,"stat.pickup.minecraft.torch":336,"stat.mineBlock.minecraft.redstone_ore":35,"stat.craftItem.byg.tamreliteshovel":1,"stat.mineBlock.minecraft.stone":1554}