{"stat.leaveGame":17,"stat.craftItem.minecraft.iron_axe":1,"stat.craftItem.minecraft.shield":4,"stat.useItem.minecraft.planks":3,"stat.pickup.minecraft.porkchop":4,"stat.drop.minecraft.speckled_melon":3,"stat.useItem.minecraft.water_bucket":45,"stat.mineBlock.minecraft.stone_brick_stairs":9,"stat.pickup.minecraft.rotten_flesh":345,"stat.pickup.minecraft.sand":74,"stat.pickup.minecraft.bucket":2,"stat.craftItem.minecraft.cobblestone_wall":6,"stat.pickup.minecraft.leather_boots":14,"stat.mineBlock.minecraft.snow_layer":79,"stat.mineBlock.byg.scoria":384,"stat.mineBlock.minecraft.sand":78,"stat.hopperInspected":3,"stat.useItem.minecraft.iron_pickaxe":1647,"stat.craftItem.minecraft.wooden_pickaxe":2,"stat.pickup.minecraft.ghast_tear":1,"stat.craftItem.minecraft.bed":1,"stat.mineBlock.minecraft.hopper":2,"stat.pickup.minecraft.wooden_shovel":1,"stat.furnaceInteraction":115,"stat.drop.minecraft.gravel":1,"stat.killEntity.ZombieVillager":10,"stat.useItem.minecraft.cooked_mutton":24,"stat.pickup.minecraft.furnace":4,"stat.useItem.minecraft.redstone":2,"stat.pickup.minecraft.leather_helmet":11,"stat.pickup.minecraft.iron_chestplate":3,"stat.useItem.byg.tamreliteshovel":37,"stat.pickup.minecraft.potion":1,"stat.useItem.minecraft.flint_and_steel":3,"stat.mineBlock.minecraft.oak_stairs":3,"stat.deaths":16,"stat.playOneMinute":453027,"stat.craftItem.minecraft.iron_pickaxe":7,"stat.pickup.minecraft.iron_bars":12,"stat.craftItem.minecraft.cooked_mutton":24,"stat.mineBlock.minecraft.tallgrass":6,"stat.pickup.minecraft.cooked_mutton":2,"stat.chestOpened":140,"stat.pickup.minecraft.spruce_door":3,"stat.useItem.minecraft.stone":53,"stat.mineBlock.minecraft.netherrack":1,"stat.pickup.minecraft.arrow":12,"stat.pickup.minecraft.iron_sword":2,"stat.mineBlock.minecraft.ice":20,"stat.pickup.minecraft.brick_stairs":12,"stat.pickup.byg.tamrelitegem":15,"stat.fallOneCm":42234,"stat.crouchOneCm":836,"stat.mineBlock.minecraft.chest":8,"stat.craftItem.minecraft.iron_ingot":77,"stat.craftItem.minecraft.chest":4,"stat.craftItem.minecraft.hopper":2,"stat.craftingTableInteraction":85,"stat.pickup.minecraft.wooden_pickaxe":1,"stat.mineBlock.minecraft.log2":4,"stat.craftItem.minecraft.wooden_button":3,"stat.useItem.minecraft.furnace":1,"stat.pickup.minecraft.dye":124,"stat.pickup.minecraft.planks":202,"stat.pickup.minecraft.iron_leggings":8,"stat.craftItem.minecraft.diamond_shovel":1,"stat.mineBlock.minecraft.gravel":65,"stat.useItem.minecraft.stone_pickaxe":134,"stat.useItem.minecraft.stone_sword":35,"stat.craftItem.minecraft.iron_leggings":1,"stat.mineBlock.minecraft.dirt":37,"stat.pickup.minecraft.chainmail_boots":3,"stat.useItem.minecraft.torch":251,"stat.useItem.minecraft.bread":7,"stat.pickup.minecraft.crafting_table":11,"stat.useItem.minecraft.log":4,"stat.useItem.minecraft.cobblestone":566,"stat.craftItem.minecraft.crafting_table":7,"stat.useItem.minecraft.gravel":6,"stat.mineBlock.minecraft.double_plant":1,"stat.pickup.minecraft.log":57,"stat.useItem.minecraft.cooked_fish":2,"stat.pickup.minecraft.iron_pickaxe":5,"stat.drop.minecraft.iron_ore":3,"stat.craftItem.minecraft.gold_ingot":6,"stat.pickup.minecraft.hopper":2,"stat.pickup.minecraft.chainmail_leggings":4,"stat.pickup.minecraft.sapling":14,"stat.pickup.minecraft.apple":1,"stat.craftItem.minecraft.bucket":2,"stat.craftItem.minecraft.planks":124,"stat.useItem.minecraft.iron_sword":123,"stat.itemEnchanted":2,"stat.pickup.minecraft.diamond_helmet":3,"stat.pickup.minecraft.stone_sword":1,"stat.pickup.minecraft.book":110,"stat.useItem.minecraft.stonebrick":141,"stat.mineBlock.minecraft.log":72,"stat.pickup.minecraft.red_flower":2,"stat.sneakTime":1198,"stat.pickup.minecraft.wool":52,"stat.useItem.minecraft.wooden_axe":4,"stat.pickup.minecraft.chest":10,"stat.craftItem.minecraft.enchanting_table":2,"stat.craftItem.minecraft.diamond_chestplate":1,"stat.pickup.minecraft.bone":2,"stat.craftItem.minecraft.diamond_leggings":1,"stat.useItem.minecraft.iron_axe":86,"stat.mineBlock.minecraft.cobblestone":63,"stat.pickup.minecraft.stone_pickaxe":9,"stat.pickup.minecraft.flint":18,"stat.pickup.minecraft.leather_chestplate":12,"stat.useItem.minecraft.diamond_sword":386,"stat.pickup.minecraft.flower_pot":2,"stat.craftItem.minecraft.diamond_helmet":1,"stat.swimOneCm":84820,"stat.pickup.minecraft.enchanted_book":7,"stat.climbOneCm":34215,"stat.drop.minecraft.cobblestone":2,"stat.useItem.minecraft.obsidian":10,"stat.useItem.minecraft.dirt":13,"stat.useItem.minecraft.stone_slab2":520,"stat.pickup.minecraft.bow":1,"stat.pickup.minecraft.iron_boots":3,"stat.craftItem.minecraft.furnace":5,"stat.pickup.minecraft.enchanting_table":3,"stat.craftItem.minecraft.spruce_boat":1,"stat.craftItem.minecraft.stone_pickaxe":1,"stat.mineBlock.minecraft.obsidian":23,"stat.pickup.minecraft.cobblestone":3100,"stat.mineBlock.minecraft.clay":1,"stat.pickup.minecraft.diamond_leggings":1,"stat.flyOneCm":238229,"stat.pickup.minecraft.glass_bottle":1,"stat.pickup.minecraft.redstone":350,"stat.mineBlock.minecraft.iron_ore":100,"stat.timeSinceDeath":2826,"stat.pickup.minecraft.mutton":24,"stat.craftItem.minecraft.stonebrick":144,"stat.pickup.minecraft.wooden_axe":3,"stat.pickup.minecraft.stonebrick":235,"stat.useItem.minecraft.cooked_porkchop":4,"stat.pickup.minecraft.trapdoor":3,"stat.pickup.minecraft.diamond_shovel":1,"stat.mineBlock.minecraft.coal_ore":203,"stat.pickup.minecraft.shield":38,"stat.pickup.minecraft.wooden_sword":2,"stat.pickup.minecraft.string":11,"stat.sprintOneCm":807411,"stat.pickup.minecraft.paper":2,"stat.useItem.minecraft.diamond_shovel":191,"stat.craftItem.minecraft.stick":104,"stat.craftItem.minecraft.wooden_axe":1,"stat.mineBlock.byg.tamreliteore":4,"stat.pickup.minecraft.speckled_melon":6,"stat.craftItem.minecraft.stone":147,"stat.mineBlock.minecraft.diamond_ore":39,"stat.useItem.minecraft.snowball":43,"stat.mineBlock.minecraft.crafting_table":9,"stat.useItem.minecraft.diamond_pickaxe":1069,"stat.useItem.minecraft.wooden_shovel":42,"stat.pickup.minecraft.diamond_chestplate":1,"stat.pickup.minecraft.leather_leggings":27,"stat.mineBlock.minecraft.planks":39,"stat.drop":10,"stat.useItem.minecraft.wooden_sword":29,"stat.killEntity.Sheep":16,"stat.craftItem.minecraft.diamond_pickaxe":3,"stat.killEntity.Zombie":150,"stat.pickup.minecraft.snowball":134,"stat.craftItem.minecraft.dye":1,"stat.craftItem.minecraft.diamond_axe":1,"stat.mineBlock.minecraft.gold_ore":8,"stat.diveOneCm":91105,"stat.drop.minecraft.diamond_pickaxe":1,"stat.pickup.minecraft.gravel":90,"stat.craftItem.minecraft.cooked_porkchop":4,"stat.useItem.minecraft.glass_bottle":1,"stat.useItem.minecraft.diamond_axe":49,"stat.pickup.minecraft.stone_axe":5,"stat.useItem.minecraft.apple":1,"stat.pickup.minecraft.obsidian":31,"stat.useItem.minecraft.potion":2,"stat.useItem.byg.soapstone":1,"stat.useItem.minecraft.rotten_flesh":56,"stat.pickup.minecraft.stone_brick_stairs":15,"stat.pickup.minecraft.diamond_sword":7,"stat.pickup.byg.soapstone":50,"stat.craftItem.minecraft.diamond_sword":1,"stat.jump":3863,"stat.useItem.minecraft.sand":1,"stat.pickup.minecraft.coal":382,"stat.pickup.minecraft.iron_ingot":76,"stat.useItem.minecraft.stone_axe":1,"stat.pickup.minecraft.spider_eye":4,"stat.craftItem.minecraft.torch":192,"stat.pickup.byg.scoria":542,"stat.pickup.minecraft.dirt":46,"stat.useItem.minecraft.cooked_chicken":1,"stat.pickup.minecraft.iron_ore":157,"stat.pickup.minecraft.stone_shovel":8,"stat.boatOneCm":39623,"stat.mineBlock.minecraft.iron_bars":5,"stat.pickup.minecraft.gold_ore":14,"stat.mineBlock.minecraft.lapis_ore":8,"stat.craftItem.minecraft.flint_and_steel":1,"stat.useItem.byg.scoria":9,"stat.pickup.minecraft.iron_axe":8,"stat.damageTaken":7408,"stat.pickup.minecraft.leather":11,"stat.mineBlock.minecraft.torch":106,"stat.pickup.minecraft.written_book":3,"stat.mineBlock.minecraft.furnace":4,"stat.mineBlock.minecraft.red_flower":1,"stat.useItem.minecraft.wooden_pickaxe":31,"stat.pickup.minecraft.bed":4,"tombstone:undead_killed":1,"stat.pickup.minecraft.potato":1,"stat.pickup.minecraft.oak_stairs":5,"stat.entityKilledBy.Zombie":7,"stat.damageDealt":11426,"stat.craftItem.minecraft.glass":32,"stat.sleepInBed":4,"stat.killEntity.Pig":2,"stat.craftItem.minecraft.iron_sword":3,"stat.walkOneCm":1607684,"stat.useItem.minecraft.chest":2,"stat.pickup.minecraft.stick":52,"stat.pickup.minecraft.diamond_pickaxe":5,"stat.pickup.minecraft.clay_ball":1,"stat.useItem.minecraft.spruce_boat":1,"stat.craftItem.minecraft.diamond_boots":1,"stat.useItem.tombstone.gift":1,"stat.pickup.minecraft.stone":476,"stat.craftItem.minecraft.iron_chestplate":1,"stat.mineBlock.minecraft.wool":1,"stat.killEntity.Skeleton":10,"stat.mineBlock.minecraft.stonebrick":171,"stat.mineBlock.byg.soapstone":30,"stat.killEntity.Spider":7,"stat.pickup.minecraft.bread":1,"stat.mobKills":195,"stat.pickup.minecraft.diamond_boots":1,"stat.mineBlock.minecraft.bookshelf":13,"stat.useItem.minecraft.golden_apple":1,"stat.pickup.minecraft.water_bucket":1,"stat.useItem.minecraft.cobblestone_wall":2,"stat.pickup.minecraft.diamond":153,"stat.mineBlock.minecraft.leaves":3,"stat.pickup.minecraft.torch":342,"stat.mineBlock.minecraft.redstone_ore":35,"stat.craftItem.byg.tamreliteshovel":1,"stat.mineBlock.minecraft.stone":1634}