{"stat.pickup.minecraft.bone":1,"stat.useItem.minecraft.iron_axe":60,"stat.leaveGame":4,"stat.mineBlock.minecraft.cobblestone":4,"stat.pickup.minecraft.stone_pickaxe":6,"stat.pickup.minecraft.flint":4,"stat.swimOneCm":17253,"stat.craftItem.minecraft.shield":3,"stat.useItem.minecraft.planks":1,"stat.pickup.minecraft.enchanted_book":3,"stat.pickup.minecraft.porkchop":4,"stat.useItem.minecraft.dirt":8,"stat.useItem.minecraft.stone_slab2":23,"stat.useItem.minecraft.water_bucket":3,"stat.pickup.minecraft.rotten_flesh":41,"stat.craftItem.minecraft.furnace":2,"stat.craftItem.minecraft.spruce_boat":1,"stat.craftItem.minecraft.stone_pickaxe":1,"stat.pickup.minecraft.cobblestone":1102,"stat.flyOneCm":93390,"stat.pickup.minecraft.glass_bottle":1,"stat.mineBlock.byg.scoria":325,"stat.pickup.minecraft.redstone":111,"stat.mineBlock.minecraft.iron_ore":89,"stat.timeSinceDeath":76521,"stat.useItem.minecraft.iron_pickaxe":1573,"stat.craftItem.minecraft.wooden_pickaxe":2,"stat.pickup.minecraft.mutton":24,"stat.craftItem.minecraft.bed":1,"stat.pickup.minecraft.stonebrick":97,"stat.furnaceInteraction":48,"stat.useItem.minecraft.cooked_porkchop":4,"stat.killEntity.ZombieVillager":1,"stat.mineBlock.minecraft.coal_ore":146,"stat.pickup.minecraft.shield":9,"stat.pickup.minecraft.wooden_sword":2,"stat.pickup.minecraft.string":9,"stat.useItem.minecraft.cooked_mutton":13,"stat.pickup.minecraft.furnace":2,"stat.useItem.minecraft.redstone":2,"stat.pickup.minecraft.leather_helmet":2,"stat.sprintOneCm":258966,"stat.craftItem.minecraft.stick":84,"stat.craftItem.minecraft.wooden_axe":1,"stat.mineBlock.minecraft.diamond_ore":22,"stat.mineBlock.minecraft.crafting_table":6,"stat.pickup.minecraft.leather_leggings":3,"stat.mineBlock.minecraft.planks":2,"stat.deaths":4,"stat.drop":3,"stat.playOneMinute":154931,"stat.useItem.minecraft.wooden_sword":29,"stat.killEntity.Sheep":16,"stat.craftItem.minecraft.iron_pickaxe":7,"stat.killEntity.Zombie":7,"stat.pickup.minecraft.iron_bars":6,"stat.mineBlock.minecraft.gold_ore":2,"stat.craftItem.minecraft.cooked_mutton":13,"stat.mineBlock.minecraft.tallgrass":1,"stat.diveOneCm":36158,"stat.pickup.minecraft.cooked_mutton":2,"stat.chestOpened":10,"stat.pickup.minecraft.gravel":17,"stat.pickup.minecraft.arrow":10,"stat.pickup.minecraft.iron_sword":2,"stat.craftItem.minecraft.cooked_porkchop":4,"stat.pickup.minecraft.stone_axe":2,"stat.useItem.minecraft.apple":1,"stat.useItem.minecraft.potion":1,"stat.useItem.byg.soapstone":1,"stat.pickup.minecraft.brick_stairs":12,"stat.useItem.minecraft.rotten_flesh":8,"stat.pickup.byg.soapstone":50,"stat.jump":1501,"stat.pickup.minecraft.coal":147,"stat.fallOneCm":14686,"stat.pickup.minecraft.iron_ingot":6,"stat.crouchOneCm":315,"stat.craftItem.minecraft.torch":160,"stat.craftItem.minecraft.iron_ingot":76,"stat.pickup.byg.scoria":463,"stat.pickup.minecraft.dirt":29,"stat.craftingTableInteraction":34,"stat.pickup.minecraft.iron_ore":95,"stat.pickup.minecraft.stone_shovel":4,"stat.boatOneCm":15476,"stat.mineBlock.minecraft.iron_bars":1,"stat.pickup.minecraft.gold_ore":2,"stat.mineBlock.minecraft.lapis_ore":2,"stat.useItem.byg.scoria":3,"stat.pickup.minecraft.iron_axe":5,"stat.damageTaken":2475,"stat.pickup.minecraft.leather":10,"stat.craftItem.minecraft.wooden_button":3,"stat.mineBlock.minecraft.torch":66,"stat.pickup.minecraft.written_book":3,"stat.mineBlock.minecraft.furnace":2,"stat.useItem.minecraft.wooden_pickaxe":31,"stat.pickup.minecraft.dye":26,"stat.pickup.minecraft.planks":160,"stat.pickup.minecraft.oak_stairs":4,"stat.entityKilledBy.Zombie":1,"stat.mineBlock.minecraft.gravel":21,"stat.useItem.minecraft.stone_pickaxe":134,"stat.useItem.minecraft.stone_sword":35,"stat.craftItem.minecraft.iron_leggings":1,"stat.damageDealt":4294,"stat.sleepInBed":3,"stat.mineBlock.minecraft.dirt":13,"stat.killEntity.Pig":2,"stat.craftItem.minecraft.iron_sword":3,"stat.walkOneCm":552530,"stat.useItem.minecraft.torch":122,"stat.pickup.minecraft.stick":18,"stat.pickup.minecraft.crafting_table":6,"stat.useItem.minecraft.cobblestone":63,"stat.craftItem.minecraft.crafting_table":4,"stat.mineBlock.minecraft.double_plant":1,"stat.useItem.minecraft.spruce_boat":1,"stat.pickup.minecraft.log":41,"stat.useItem.minecraft.cooked_fish":2,"stat.pickup.minecraft.iron_pickaxe":4,"stat.drop.minecraft.iron_ore":3,"stat.pickup.minecraft.stone":184,"stat.craftItem.minecraft.iron_chestplate":1,"stat.mineBlock.minecraft.wool":1,"stat.pickup.minecraft.sapling":4,"stat.pickup.minecraft.apple":1,"stat.killEntity.Skeleton":3,"stat.craftItem.minecraft.bucket":2,"stat.craftItem.minecraft.planks":104,"stat.useItem.minecraft.iron_sword":123,"stat.mineBlock.byg.soapstone":30,"stat.killEntity.Spider":4,"stat.pickup.minecraft.stone_sword":1,"stat.mobKills":33,"stat.pickup.minecraft.book":15,"stat.useItem.minecraft.stonebrick":1,"stat.mineBlock.minecraft.log":54,"stat.pickup.minecraft.diamond":22,"stat.mineBlock.minecraft.leaves":1,"stat.pickup.minecraft.torch":157,"stat.mineBlock.minecraft.redstone_ore":26,"stat.sneakTime":568,"stat.pickup.minecraft.wool":28,"stat.useItem.minecraft.wooden_axe":4,"stat.mineBlock.minecraft.stone":1005}