{"stat.chestOpened":10,"stat.pickup.minecraft.bone":1,"stat.useItem.minecraft.iron_axe":60,"stat.leaveGame":2,"stat.pickup.minecraft.gravel":2,"stat.pickup.minecraft.arrow":10,"stat.pickup.minecraft.iron_sword":2,"stat.mineBlock.minecraft.cobblestone":4,"stat.pickup.minecraft.stone_pickaxe":6,"stat.pickup.minecraft.stone_axe":2,"stat.pickup.minecraft.flint":2,"stat.useItem.minecraft.apple":1,"stat.useItem.minecraft.potion":1,"stat.pickup.minecraft.brick_stairs":12,"stat.useItem.minecraft.rotten_flesh":8,"stat.pickup.byg.soapstone":44,"stat.jump":751,"stat.swimOneCm":3232,"stat.pickup.minecraft.coal":58,"stat.fallOneCm":8440,"stat.craftItem.minecraft.shield":2,"stat.useItem.minecraft.planks":1,"stat.pickup.minecraft.iron_ingot":6,"stat.pickup.minecraft.enchanted_book":3,"stat.crouchOneCm":301,"stat.craftItem.minecraft.torch":100,"stat.craftItem.minecraft.iron_ingot":33,"stat.pickup.byg.scoria":308,"stat.pickup.minecraft.dirt":21,"stat.useItem.minecraft.dirt":8,"stat.useItem.minecraft.stone_slab2":17,"stat.useItem.minecraft.water_bucket":2,"stat.craftingTableInteraction":19,"stat.pickup.minecraft.iron_ore":38,"stat.pickup.minecraft.rotten_flesh":41,"stat.craftItem.minecraft.furnace":2,"stat.pickup.minecraft.stone_shovel":4,"stat.mineBlock.minecraft.iron_bars":1,"stat.mineBlock.minecraft.lapis_ore":2,"stat.useItem.byg.scoria":3,"stat.pickup.minecraft.iron_axe":5,"stat.damageTaken":2309,"stat.pickup.minecraft.leather":10,"stat.craftItem.minecraft.wooden_button":3,"stat.craftItem.minecraft.stone_pickaxe":1,"stat.mineBlock.minecraft.torch":9,"stat.pickup.minecraft.written_book":3,"stat.useItem.minecraft.wooden_pickaxe":31,"stat.pickup.minecraft.cobblestone":513,"stat.pickup.minecraft.dye":26,"stat.pickup.minecraft.planks":160,"stat.flyOneCm":60271,"stat.pickup.minecraft.glass_bottle":1,"stat.mineBlock.byg.scoria":163,"stat.pickup.minecraft.oak_stairs":4,"stat.entityKilledBy.Zombie":1,"stat.mineBlock.minecraft.gravel":4,"stat.useItem.minecraft.stone_pickaxe":134,"stat.useItem.minecraft.stone_sword":35,"stat.damageDealt":3454,"stat.pickup.minecraft.redstone":26,"stat.mineBlock.minecraft.iron_ore":32,"stat.sleepInBed":3,"stat.timeSinceDeath":13211,"stat.useItem.minecraft.iron_pickaxe":469,"stat.mineBlock.minecraft.dirt":5,"stat.craftItem.minecraft.wooden_pickaxe":1,"stat.pickup.minecraft.mutton":13,"stat.craftItem.minecraft.iron_sword":2,"stat.walkOneCm":321581,"stat.craftItem.minecraft.bed":1,"stat.useItem.minecraft.torch":70,"stat.pickup.minecraft.stick":18,"stat.pickup.minecraft.crafting_table":5,"stat.pickup.minecraft.stonebrick":97,"stat.useItem.minecraft.cobblestone":33,"stat.furnaceInteraction":33,"stat.craftItem.minecraft.crafting_table":2,"stat.mineBlock.minecraft.double_plant":1,"stat.killEntity.ZombieVillager":1,"stat.mineBlock.minecraft.coal_ore":57,"stat.pickup.minecraft.shield":9,"stat.pickup.minecraft.wooden_sword":2,"stat.pickup.minecraft.log":23,"stat.pickup.minecraft.string":9,"stat.useItem.minecraft.cooked_fish":2,"stat.pickup.minecraft.iron_pickaxe":4,"stat.useItem.minecraft.cooked_mutton":13,"stat.drop.minecraft.iron_ore":3,"stat.pickup.minecraft.stone":113,"stat.mineBlock.minecraft.wool":1,"stat.pickup.minecraft.leather_helmet":2,"stat.sprintOneCm":184077,"stat.pickup.minecraft.apple":1,"stat.craftItem.minecraft.stick":52,"stat.killEntity.Skeleton":3,"stat.craftItem.minecraft.bucket":1,"stat.craftItem.minecraft.planks":56,"stat.useItem.minecraft.iron_sword":96,"stat.mineBlock.byg.soapstone":23,"stat.mineBlock.minecraft.crafting_table":5,"stat.killEntity.Spider":4,"stat.pickup.minecraft.stone_sword":1,"stat.mobKills":23,"stat.pickup.minecraft.book":15,"stat.pickup.minecraft.leather_leggings":3,"stat.useItem.minecraft.stonebrick":1,"stat.mineBlock.minecraft.log":31,"stat.mineBlock.minecraft.planks":2,"stat.deaths":4,"stat.drop":3,"stat.playOneMinute":91621,"stat.useItem.minecraft.wooden_sword":29,"stat.pickup.minecraft.torch":100,"stat.killEntity.Sheep":8,"stat.mineBlock.minecraft.redstone_ore":6,"stat.sneakTime":513,"stat.craftItem.minecraft.iron_pickaxe":2,"stat.pickup.minecraft.wool":20,"stat.killEntity.Zombie":7,"stat.pickup.minecraft.iron_bars":6,"stat.mineBlock.minecraft.stone":326,"stat.craftItem.minecraft.cooked_mutton":13,"stat.mineBlock.minecraft.tallgrass":1,"stat.pickup.minecraft.cooked_mutton":2}