{"stat.chestOpened":10,"stat.pickup.minecraft.bone":1,"stat.useItem.minecraft.iron_axe":60,"stat.leaveGame":2,"stat.pickup.minecraft.arrow":7,"stat.pickup.minecraft.iron_sword":2,"stat.mineBlock.minecraft.cobblestone":2,"stat.pickup.minecraft.stone_pickaxe":5,"stat.pickup.minecraft.stone_axe":2,"stat.useItem.minecraft.apple":1,"stat.useItem.minecraft.potion":1,"stat.pickup.minecraft.brick_stairs":12,"stat.useItem.minecraft.rotten_flesh":8,"stat.pickup.byg.soapstone":21,"stat.jump":561,"stat.swimOneCm":2141,"stat.pickup.minecraft.coal":49,"stat.fallOneCm":8171,"stat.craftItem.minecraft.shield":2,"stat.useItem.minecraft.planks":1,"stat.pickup.minecraft.iron_ingot":6,"stat.pickup.minecraft.enchanted_book":2,"stat.craftItem.minecraft.torch":100,"stat.craftItem.minecraft.iron_ingot":10,"stat.pickup.byg.scoria":63,"stat.pickup.minecraft.dirt":14,"stat.useItem.minecraft.dirt":7,"stat.useItem.minecraft.stone_slab2":11,"stat.craftingTableInteraction":16,"stat.pickup.minecraft.iron_ore":38,"stat.pickup.minecraft.rotten_flesh":30,"stat.craftItem.minecraft.furnace":1,"stat.pickup.minecraft.stone_shovel":4,"stat.mineBlock.minecraft.iron_bars":1,"stat.pickup.minecraft.iron_axe":4,"stat.damageTaken":1854,"stat.pickup.minecraft.leather":5,"stat.craftItem.minecraft.wooden_button":3,"stat.craftItem.minecraft.stone_pickaxe":1,"stat.mineBlock.minecraft.torch":9,"stat.pickup.minecraft.written_book":2,"stat.useItem.minecraft.wooden_pickaxe":31,"stat.pickup.minecraft.cobblestone":229,"stat.pickup.minecraft.planks":133,"stat.flyOneCm":53096,"stat.pickup.minecraft.glass_bottle":1,"stat.mineBlock.byg.scoria":65,"stat.pickup.minecraft.oak_stairs":3,"stat.entityKilledBy.Zombie":1,"stat.useItem.minecraft.stone_pickaxe":134,"stat.useItem.minecraft.stone_sword":35,"stat.damageDealt":3256,"stat.mineBlock.minecraft.iron_ore":32,"stat.sleepInBed":3,"stat.timeSinceDeath":16585,"stat.useItem.minecraft.iron_pickaxe":257,"stat.mineBlock.minecraft.dirt":5,"stat.craftItem.minecraft.wooden_pickaxe":1,"stat.pickup.minecraft.mutton":13,"stat.craftItem.minecraft.iron_sword":1,"stat.walkOneCm":260202,"stat.craftItem.minecraft.bed":1,"stat.useItem.minecraft.torch":51,"stat.pickup.minecraft.crafting_table":4,"stat.pickup.minecraft.stonebrick":49,"stat.useItem.minecraft.cobblestone":6,"stat.furnaceInteraction":30,"stat.craftItem.minecraft.crafting_table":1,"stat.mineBlock.minecraft.double_plant":1,"stat.mineBlock.minecraft.coal_ore":48,"stat.pickup.minecraft.shield":7,"stat.pickup.minecraft.wooden_sword":2,"stat.pickup.minecraft.log":23,"stat.pickup.minecraft.string":6,"stat.useItem.minecraft.cooked_fish":2,"stat.pickup.minecraft.iron_pickaxe":2,"stat.useItem.minecraft.cooked_mutton":13,"stat.drop.minecraft.iron_ore":3,"stat.pickup.minecraft.stone":36,"stat.mineBlock.minecraft.wool":1,"stat.pickup.minecraft.leather_helmet":1,"stat.sprintOneCm":147010,"stat.pickup.minecraft.apple":1,"stat.craftItem.minecraft.stick":52,"stat.killEntity.Skeleton":3,"stat.craftItem.minecraft.planks":56,"stat.useItem.minecraft.iron_sword":79,"stat.mineBlock.byg.soapstone":21,"stat.mineBlock.minecraft.crafting_table":4,"stat.killEntity.Spider":4,"stat.pickup.minecraft.stone_sword":1,"stat.mobKills":22,"stat.pickup.minecraft.book":10,"stat.pickup.minecraft.leather_leggings":3,"stat.useItem.minecraft.stonebrick":1,"stat.mineBlock.minecraft.log":31,"stat.mineBlock.minecraft.planks":2,"stat.deaths":2,"stat.drop":3,"stat.playOneMinute":67621,"stat.useItem.minecraft.wooden_sword":29,"stat.pickup.minecraft.torch":46,"stat.killEntity.Sheep":8,"stat.sneakTime":12,"stat.craftItem.minecraft.iron_pickaxe":2,"stat.pickup.minecraft.wool":17,"stat.killEntity.Zombie":7,"stat.pickup.minecraft.iron_bars":6,"stat.mineBlock.minecraft.stone":236,"stat.craftItem.minecraft.cooked_mutton":13,"stat.mineBlock.minecraft.tallgrass":1,"stat.pickup.minecraft.cooked_mutton":2}