{"stat.pickup.minecraft.bone":1,"stat.useItem.minecraft.iron_axe":86,"stat.leaveGame":5,"stat.mineBlock.minecraft.cobblestone":35,"stat.pickup.minecraft.stone_pickaxe":6,"stat.pickup.minecraft.flint":17,"stat.craftItem.minecraft.iron_axe":1,"stat.useItem.minecraft.diamond_sword":119,"stat.swimOneCm":32043,"stat.craftItem.minecraft.shield":3,"stat.useItem.minecraft.planks":1,"stat.pickup.minecraft.enchanted_book":6,"stat.drop.minecraft.cobblestone":2,"stat.pickup.minecraft.porkchop":4,"stat.useItem.minecraft.dirt":8,"stat.useItem.minecraft.stone_slab2":109,"stat.useItem.minecraft.water_bucket":15,"stat.mineBlock.minecraft.stone_brick_stairs":9,"stat.pickup.minecraft.rotten_flesh":70,"stat.pickup.minecraft.sand":39,"stat.craftItem.minecraft.furnace":2,"stat.pickup.minecraft.enchanting_table":3,"stat.craftItem.minecraft.spruce_boat":1,"stat.pickup.minecraft.bucket":2,"stat.craftItem.minecraft.stone_pickaxe":1,"stat.mineBlock.minecraft.obsidian":7,"stat.pickup.minecraft.cobblestone":2751,"stat.craftItem.minecraft.cobblestone_wall":6,"stat.flyOneCm":117376,"stat.pickup.minecraft.glass_bottle":1,"stat.mineBlock.byg.scoria":328,"stat.mineBlock.minecraft.sand":39,"stat.pickup.minecraft.redstone":304,"stat.mineBlock.minecraft.iron_ore":93,"stat.timeSinceDeath":40974,"stat.useItem.minecraft.iron_pickaxe":1635,"stat.craftItem.minecraft.wooden_pickaxe":2,"stat.pickup.minecraft.mutton":24,"stat.craftItem.minecraft.bed":1,"stat.pickup.minecraft.stonebrick":232,"stat.furnaceInteraction":57,"stat.useItem.minecraft.cooked_porkchop":4,"stat.killEntity.ZombieVillager":1,"stat.mineBlock.minecraft.coal_ore":146,"stat.pickup.minecraft.shield":12,"stat.pickup.minecraft.wooden_sword":2,"stat.pickup.minecraft.string":11,"stat.useItem.minecraft.cooked_mutton":24,"stat.pickup.minecraft.furnace":4,"stat.useItem.minecraft.redstone":2,"stat.pickup.minecraft.leather_helmet":2,"stat.sprintOneCm":418034,"stat.pickup.minecraft.iron_chestplate":3,"stat.craftItem.minecraft.stick":92,"stat.craftItem.minecraft.wooden_axe":1,"stat.mineBlock.byg.tamreliteore":3,"stat.useItem.byg.tamreliteshovel":37,"stat.mineBlock.minecraft.diamond_ore":33,"stat.mineBlock.minecraft.crafting_table":8,"stat.useItem.minecraft.diamond_pickaxe":528,"stat.pickup.minecraft.leather_leggings":3,"stat.mineBlock.minecraft.oak_stairs":1,"stat.mineBlock.minecraft.planks":5,"stat.deaths":7,"stat.drop":5,"stat.playOneMinute":238719,"stat.useItem.minecraft.wooden_sword":29,"stat.killEntity.Sheep":16,"stat.craftItem.minecraft.iron_pickaxe":7,"stat.craftItem.minecraft.diamond_pickaxe":1,"stat.killEntity.Zombie":15,"stat.pickup.minecraft.iron_bars":8,"stat.mineBlock.minecraft.gold_ore":2,"stat.craftItem.minecraft.cooked_mutton":24,"stat.mineBlock.minecraft.tallgrass":1,"stat.diveOneCm":43610,"stat.pickup.minecraft.cooked_mutton":2,"stat.chestOpened":30,"stat.pickup.minecraft.gravel":56,"stat.pickup.minecraft.arrow":10,"stat.pickup.minecraft.iron_sword":2,"stat.craftItem.minecraft.cooked_porkchop":4,"stat.pickup.minecraft.stone_axe":2,"stat.useItem.minecraft.apple":1,"stat.pickup.minecraft.obsidian":16,"stat.useItem.minecraft.potion":1,"stat.useItem.byg.soapstone":1,"stat.pickup.minecraft.brick_stairs":12,"stat.useItem.minecraft.rotten_flesh":19,"stat.pickup.minecraft.stone_brick_stairs":15,"stat.pickup.minecraft.diamond_sword":3,"stat.pickup.byg.soapstone":50,"stat.craftItem.minecraft.diamond_sword":1,"stat.jump":2246,"stat.pickup.byg.tamrelitegem":12,"stat.pickup.minecraft.coal":322,"stat.fallOneCm":17640,"stat.pickup.minecraft.iron_ingot":48,"stat.crouchOneCm":568,"stat.mineBlock.minecraft.chest":1,"stat.craftItem.minecraft.torch":160,"stat.craftItem.minecraft.iron_ingot":76,"stat.pickup.byg.scoria":466,"stat.pickup.minecraft.dirt":34,"stat.craftingTableInteraction":44,"stat.pickup.minecraft.iron_ore":151,"stat.pickup.minecraft.stone_shovel":4,"stat.boatOneCm":39623,"stat.mineBlock.minecraft.iron_bars":3,"stat.pickup.minecraft.gold_ore":8,"stat.mineBlock.minecraft.lapis_ore":4,"stat.useItem.byg.scoria":3,"stat.pickup.minecraft.iron_axe":8,"stat.damageTaken":4324,"stat.pickup.minecraft.leather":10,"stat.craftItem.minecraft.wooden_button":3,"stat.mineBlock.minecraft.torch":96,"stat.pickup.minecraft.written_book":3,"stat.mineBlock.minecraft.furnace":4,"stat.useItem.minecraft.wooden_pickaxe":31,"stat.pickup.minecraft.dye":70,"stat.pickup.minecraft.planks":163,"stat.pickup.minecraft.iron_leggings":3,"stat.pickup.minecraft.oak_stairs":5,"stat.entityKilledBy.Zombie":4,"stat.mineBlock.minecraft.gravel":26,"stat.useItem.minecraft.stone_pickaxe":134,"stat.useItem.minecraft.stone_sword":35,"stat.craftItem.minecraft.iron_leggings":1,"stat.damageDealt":6795,"stat.sleepInBed":3,"stat.mineBlock.minecraft.dirt":26,"stat.killEntity.Pig":2,"stat.craftItem.minecraft.iron_sword":3,"stat.walkOneCm":819891,"stat.useItem.minecraft.torch":190,"stat.pickup.minecraft.stick":25,"stat.pickup.minecraft.diamond_pickaxe":3,"stat.pickup.minecraft.crafting_table":10,"stat.useItem.minecraft.log":4,"stat.useItem.minecraft.cobblestone":501,"stat.craftItem.minecraft.crafting_table":5,"stat.mineBlock.minecraft.double_plant":1,"stat.useItem.minecraft.spruce_boat":1,"stat.pickup.minecraft.log":52,"stat.useItem.minecraft.cooked_fish":2,"stat.pickup.minecraft.iron_pickaxe":4,"stat.drop.minecraft.iron_ore":3,"stat.pickup.minecraft.stone":351,"stat.craftItem.minecraft.iron_chestplate":1,"stat.mineBlock.minecraft.wool":1,"stat.pickup.minecraft.sapling":7,"stat.pickup.minecraft.apple":1,"stat.killEntity.Skeleton":6,"stat.craftItem.minecraft.bucket":2,"stat.mineBlock.minecraft.stonebrick":169,"stat.craftItem.minecraft.planks":104,"stat.useItem.minecraft.iron_sword":123,"stat.mineBlock.byg.soapstone":30,"stat.killEntity.Spider":6,"stat.pickup.minecraft.stone_sword":1,"stat.mobKills":46,"stat.pickup.minecraft.book":63,"stat.useItem.minecraft.stonebrick":6,"stat.mineBlock.minecraft.log":59,"stat.mineBlock.minecraft.bookshelf":4,"stat.pickup.minecraft.water_bucket":1,"stat.useItem.minecraft.cobblestone_wall":2,"stat.pickup.minecraft.diamond":107,"stat.mineBlock.minecraft.leaves":2,"stat.pickup.minecraft.torch":306,"stat.mineBlock.minecraft.redstone_ore":26,"stat.sneakTime":767,"stat.pickup.minecraft.wool":52,"stat.craftItem.byg.tamreliteshovel":1,"stat.useItem.minecraft.wooden_axe":4,"stat.mineBlock.minecraft.stone":1319,"stat.pickup.minecraft.chest":3,"stat.craftItem.minecraft.enchanting_table":1}