{"stat.chestOpened":2,"stat.pickup.minecraft.rotten_flesh":2,"stat.walkOneCm":40802,"stat.craftItem.minecraft.planks":56,"stat.useItem.minecraft.iron_axe":8,"stat.leaveGame":2,"stat.damageTaken":132,"stat.craftItem.minecraft.crafting_table":1,"stat.furnaceInteraction":1,"stat.craftItem.minecraft.stone_pickaxe":1,"stat.mineBlock.minecraft.double_plant":1,"stat.useItem.minecraft.wooden_pickaxe":31,"stat.mobKills":1,"stat.mineBlock.minecraft.coal_ore":22,"stat.pickup.minecraft.cobblestone":9,"stat.mineBlock.minecraft.log":14,"stat.useItem.minecraft.rotten_flesh":2,"stat.pickup.minecraft.log":14,"stat.flyOneCm":14296,"stat.jump":138,"stat.swimOneCm":2068,"stat.playOneMinute":13621,"stat.pickup.minecraft.coal":22,"stat.fallOneCm":2417,"stat.sneakTime":12,"stat.damageDealt":200,"stat.killEntity.Zombie":1,"stat.timeSinceDeath":13621,"stat.sprintOneCm":23880,"stat.useItem.minecraft.stone_slab2":1,"stat.craftItem.minecraft.wooden_pickaxe":1,"stat.mineBlock.minecraft.stone":9,"stat.craftItem.minecraft.stick":8,"stat.craftingTableInteraction":3}